return_id,order_id,product_id,return_reason,return_date
R000001,O000006,P0071,Damaged Product,2025-10-23
R000002,O000007,P0193,Size/Fit Issue,2025-08-15
R000003,O000016,P0247,Quality Not as Expected,2025-10-13
R000004,O000016,P0184,Changed Mind,2025-10-05
R000005,O000018,P0143,Defective Product,2024-02-15
R000006,O000021,P0070,Defective Product,2024-05-31
R000007,O000021,P0140,Quality Not as Expected,2024-05-21
R000008,O000026,P0090,Size/Fit Issue,2026-01-02
R000009,O000029,P0090,Size/Fit Issue,2025-08-09
R000010,O000036,P0046,Quality Not as Expected,2025-08-21
R000011,O000043,P0199,Changed Mind,2025-10-14
R000012,O000049,P0047,Size/Fit Issue,2024-12-11
R000013,O000050,P0121,Changed Mind,2025-09-04
R000014,O000050,P0027,Defective Product,2025-09-06
R000015,O000063,P0059,Quality Not as Expected,2024-10-24
R000016,O000068,P0054,Wrong Product Received,2025-05-19
R000017,O000068,P0206,Quality Not as Expected,2025-05-14
R000018,O000074,P0124,Damaged Product,2025-03-13
R000019,O000075,P0122,Size/Fit Issue,2024-11-30
R000020,O000075,P0145,Defective Product,2024-12-23
R000021,O000075,P0121,Size/Fit Issue,2024-12-15
R000022,O000082,P0237,Damaged Product,2026-01-03
R000023,O000094,P0231,Wrong Product Received,2025-09-11
R000024,O000124,P0074,Defective Product,2024-08-21
R000025,O000125,P0089,Size/Fit Issue,2024-12-06
R000026,O000125,P0091,Late Delivery,2024-11-29
R000027,O000127,P0170,Size/Fit Issue,2025-11-28
R000028,O000155,P0198,Defective Product,2025-05-10
R000029,O000160,P0115,Defective Product,2025-12-13
R000030,O000160,P0170,Size/Fit Issue,2025-12-14
R000031,O000167,P0036,Damaged Product,2025-11-20
R000032,O000177,P0141,Size/Fit Issue,2025-11-17
R000033,O000185,P0090,Size/Fit Issue,2025-04-02
R000034,O000193,P0074,Size/Fit Issue,2024-01-31
R000035,O000193,P0240,Size/Fit Issue,2024-02-02
R000036,O000199,P0038,Defective Product,2024-07-28
R000037,O000199,P0117,Late Delivery,2024-07-30
R000038,O000200,P0037,Defective Product,2025-10-11
R000039,O000203,P0245,Damaged Product,2025-07-29
R000040,O000207,P0179,Defective Product,2025-08-14
R000041,O000209,P0221,Wrong Product Received,2025-11-04
R000042,O000215,P0200,Quality Not as Expected,2024-05-02
R000043,O000226,P0155,Changed Mind,2024-10-10
R000044,O000230,P0109,Size/Fit Issue,2025-04-03
R000045,O000241,P0093,Quality Not as Expected,2024-10-14
R000046,O000243,P0136,Wrong Product Received,2024-08-28
R000047,O000244,P0049,Quality Not as Expected,2025-06-20
R000048,O000249,P0095,Quality Not as Expected,2025-06-21
R000049,O000259,P0220,Size/Fit Issue,2025-04-07
R000050,O000265,P0241,Damaged Product,2024-04-03
R000051,O000268,P0014,Changed Mind,2024-12-25
R000052,O000273,P0071,Late Delivery,2024-03-14
R000053,O000276,P0147,Defective Product,2024-05-07
R000054,O000283,P0205,Changed Mind,2025-02-28
R000055,O000284,P0166,Defective Product,2024-11-26
R000056,O000284,P0171,Damaged Product,2024-11-17
R000057,O000295,P0084,Size/Fit Issue,2024-12-07
R000058,O000296,P0204,Wrong Product Received,2025-01-06
R000059,O000298,P0240,Wrong Product Received,2026-01-22
R000060,O000309,P0248,Quality Not as Expected,2025-01-15
R000061,O000311,P0057,Wrong Product Received,2025-07-31
R000062,O000322,P0051,Defective Product,2024-05-25
R000063,O000322,P0210,Late Delivery,2024-05-20
R000064,O000327,P0061,Defective Product,2025-05-05
R000065,O000334,P0091,Quality Not as Expected,2024-09-08
R000066,O000341,P0141,Damaged Product,2024-11-16
R000067,O000351,P0186,Defective Product,2024-12-05
R000068,O000355,P0185,Wrong Product Received,2024-08-28
R000069,O000359,P0142,Damaged Product,2024-05-28
R000070,O000368,P0009,Damaged Product,2025-11-29
R000071,O000369,P0047,Defective Product,2024-02-24
R000072,O000379,P0200,Size/Fit Issue,2024-11-10
R000073,O000384,P0145,Changed Mind,2025-04-22
R000074,O000388,P0013,Wrong Product Received,2025-02-01
R000075,O000391,P0190,Defective Product,2025-08-28
R000076,O000410,P0047,Defective Product,2025-03-25
R000077,O000421,P0155,Wrong Product Received,2025-07-29
R000078,O000428,P0007,Size/Fit Issue,2024-09-18
R000079,O000433,P0163,Late Delivery,2025-04-03
R000080,O000436,P0035,Quality Not as Expected,2025-05-20
R000081,O000444,P0014,Size/Fit Issue,2025-08-09
R000082,O000463,P0174,Size/Fit Issue,2025-04-18
R000083,O000474,P0238,Changed Mind,2025-11-04
R000084,O000491,P0233,Changed Mind,2024-05-16
R000085,O000498,P0055,Quality Not as Expected,2024-05-29
R000086,O000500,P0200,Size/Fit Issue,2024-11-16
R000087,O000503,P0185,Late Delivery,2024-02-28
R000088,O000506,P0037,Damaged Product,2024-06-03
R000089,O000506,P0077,Changed Mind,2024-06-09
R000090,O000508,P0071,Wrong Product Received,2025-07-21
R000091,O000522,P0171,Damaged Product,2024-04-26
R000092,O000522,P0119,Defective Product,2024-04-09
R000093,O000527,P0209,Late Delivery,2025-05-07
R000094,O000528,P0041,Defective Product,2025-04-21
R000095,O000529,P0212,Damaged Product,2024-07-08
R000096,O000531,P0099,Quality Not as Expected,2025-02-20
R000097,O000536,P0195,Size/Fit Issue,2024-08-16
R000098,O000540,P0174,Size/Fit Issue,2025-03-20
R000099,O000543,P0143,Defective Product,2025-01-30
R000100,O000545,P0156,Defective Product,2024-11-26
R000101,O000555,P0001,Late Delivery,2024-04-06
R000102,O000557,P0192,Size/Fit Issue,2025-09-14
R000103,O000560,P0172,Defective Product,2025-09-21
R000104,O000567,P0048,Changed Mind,2025-11-06
R000105,O000573,P0070,Damaged Product,2024-11-02
R000106,O000576,P0057,Wrong Product Received,2025-09-16
R000107,O000578,P0009,Quality Not as Expected,2025-03-15
R000108,O000579,P0171,Damaged Product,2024-12-05
R000109,O000580,P0193,Size/Fit Issue,2026-01-07
R000110,O000584,P0105,Damaged Product,2024-01-25
R000111,O000587,P0218,Changed Mind,2025-10-30
R000112,O000588,P0236,Quality Not as Expected,2025-05-03
R000113,O000591,P0191,Defective Product,2024-05-25
R000114,O000615,P0232,Quality Not as Expected,2025-03-26
R000115,O000626,P0206,Defective Product,2024-08-28
R000116,O000639,P0066,Size/Fit Issue,2025-09-02
R000117,O000642,P0122,Size/Fit Issue,2024-08-28
R000118,O000643,P0241,Wrong Product Received,2024-08-05
R000119,O000645,P0189,Damaged Product,2024-09-29
R000120,O000649,P0145,Quality Not as Expected,2025-04-15
R000121,O000653,P0118,Damaged Product,2025-07-02
R000122,O000659,P0180,Quality Not as Expected,2025-01-09
R000123,O000660,P0109,Size/Fit Issue,2024-01-21
R000124,O000662,P0043,Late Delivery,2024-02-04
R000125,O000666,P0093,Defective Product,2025-03-11
R000126,O000681,P0123,Quality Not as Expected,2024-01-29
R000127,O000682,P0067,Defective Product,2025-12-06
R000128,O000683,P0036,Late Delivery,2025-10-15
R000129,O000686,P0004,Changed Mind,2025-01-08
R000130,O000686,P0109,Changed Mind,2024-12-27
R000131,O000696,P0096,Quality Not as Expected,2024-06-05
R000132,O000699,P0217,Changed Mind,2025-10-19
R000133,O000701,P0196,Size/Fit Issue,2024-01-17
R000134,O000707,P0173,Defective Product,2025-01-10
R000135,O000720,P0041,Damaged Product,2025-10-03
R000136,O000728,P0131,Quality Not as Expected,2025-01-23
R000137,O000737,P0047,Damaged Product,2024-07-03
R000138,O000748,P0036,Size/Fit Issue,2025-02-05
R000139,O000770,P0124,Damaged Product,2024-07-25
R000140,O000772,P0125,Size/Fit Issue,2025-02-16
R000141,O000775,P0178,Quality Not as Expected,2024-08-19
R000142,O000776,P0107,Late Delivery,2024-06-12
R000143,O000784,P0190,Size/Fit Issue,2024-07-29
R000144,O000784,P0051,Late Delivery,2024-07-31
R000145,O000785,P0147,Defective Product,2025-07-10
R000146,O000786,P0035,Quality Not as Expected,2025-03-17
R000147,O000790,P0050,Size/Fit Issue,2026-01-22
R000148,O000803,P0181,Quality Not as Expected,2024-04-20
R000149,O000812,P0214,Damaged Product,2025-11-27
R000150,O000814,P0190,Changed Mind,2024-06-27
R000151,O000814,P0033,Damaged Product,2024-07-13
R000152,O000819,P0130,Size/Fit Issue,2025-03-01
R000153,O000822,P0238,Late Delivery,2024-01-24
R000154,O000825,P0185,Defective Product,2024-10-02
R000155,O000836,P0108,Quality Not as Expected,2025-12-31
R000156,O000837,P0215,Damaged Product,2024-08-11
R000157,O000840,P0184,Quality Not as Expected,2024-09-21
R000158,O000841,P0055,Damaged Product,2024-09-07
R000159,O000841,P0035,Damaged Product,2024-09-21
R000160,O000845,P0120,Changed Mind,2024-03-23
R000161,O000856,P0170,Size/Fit Issue,2025-10-25
R000162,O000863,P0180,Late Delivery,2025-10-26
R000163,O000865,P0131,Quality Not as Expected,2025-10-17
R000164,O000868,P0019,Quality Not as Expected,2025-09-18
R000165,O000884,P0180,Size/Fit Issue,2024-02-02
R000166,O000887,P0104,Changed Mind,2025-12-21
R000167,O000896,P0176,Late Delivery,2024-12-19
R000168,O000905,P0054,Quality Not as Expected,2024-02-21
R000169,O000909,P0027,Wrong Product Received,2025-11-19
R000170,O000913,P0219,Damaged Product,2025-05-08
R000171,O000918,P0148,Damaged Product,2025-04-26
R000172,O000922,P0213,Changed Mind,2024-01-12
R000173,O000964,P0185,Size/Fit Issue,2024-12-22
R000174,O000967,P0155,Defective Product,2024-05-12
R000175,O000969,P0053,Quality Not as Expected,2024-03-05
R000176,O000976,P0241,Damaged Product,2025-06-17
R000177,O000979,P0167,Quality Not as Expected,2024-09-03
R000178,O000982,P0026,Late Delivery,2025-03-08
R000179,O000984,P0095,Changed Mind,2024-05-13
R000180,O000999,P0038,Quality Not as Expected,2024-07-11
R000181,O001007,P0229,Damaged Product,2024-10-23
R000182,O001011,P0024,Size/Fit Issue,2025-12-30
R000183,O001013,P0086,Wrong Product Received,2025-09-25
R000184,O001015,P0058,Wrong Product Received,2024-10-07
R000185,O001017,P0171,Late Delivery,2025-06-20
R000186,O001024,P0006,Size/Fit Issue,2024-09-19
R000187,O001055,P0167,Defective Product,2025-10-15
R000188,O001059,P0247,Damaged Product,2024-11-10
R000189,O001061,P0095,Defective Product,2024-11-25
R000190,O001063,P0190,Wrong Product Received,2025-10-22
R000191,O001069,P0171,Defective Product,2024-01-29
R000192,O001074,P0203,Defective Product,2024-12-14
R000193,O001077,P0183,Late Delivery,2025-04-21
R000194,O001091,P0184,Size/Fit Issue,2024-05-27
R000195,O001091,P0075,Changed Mind,2024-05-27
R000196,O001101,P0179,Late Delivery,2024-08-14
R000197,O001102,P0070,Size/Fit Issue,2026-01-07
R000198,O001111,P0066,Defective Product,2025-11-22
R000199,O001114,P0075,Size/Fit Issue,2026-01-26
R000200,O001115,P0201,Defective Product,2024-07-09
R000201,O001118,P0003,Quality Not as Expected,2024-07-13
R000202,O001138,P0143,Damaged Product,2024-06-23
R000203,O001141,P0135,Defective Product,2024-10-30
R000204,O001151,P0250,Wrong Product Received,2025-08-22
R000205,O001151,P0051,Defective Product,2025-08-21
R000206,O001155,P0123,Late Delivery,2025-11-07
R000207,O001184,P0013,Late Delivery,2024-10-31
R000208,O001185,P0169,Defective Product,2025-08-22
R000209,O001192,P0150,Damaged Product,2025-02-12
R000210,O001206,P0109,Size/Fit Issue,2024-11-11
R000211,O001208,P0076,Damaged Product,2025-12-19
R000212,O001212,P0022,Quality Not as Expected,2024-02-01
R000213,O001217,P0086,Wrong Product Received,2024-12-23
R000214,O001233,P0099,Size/Fit Issue,2024-03-29
R000215,O001241,P0232,Changed Mind,2024-07-27
R000216,O001260,P0116,Defective Product,2024-06-14
R000217,O001260,P0064,Size/Fit Issue,2024-06-02
R000218,O001262,P0193,Damaged Product,2024-07-27
R000219,O001264,P0187,Changed Mind,2025-06-05
R000220,O001270,P0210,Wrong Product Received,2025-10-19
R000221,O001304,P0093,Changed Mind,2025-08-20
R000222,O001305,P0004,Defective Product,2025-07-26
R000223,O001310,P0013,Changed Mind,2024-02-03
R000224,O001314,P0191,Defective Product,2025-10-21
R000225,O001318,P0012,Quality Not as Expected,2024-11-18
R000226,O001325,P0114,Defective Product,2025-06-06
R000227,O001340,P0103,Changed Mind,2025-09-09
R000228,O001343,P0075,Size/Fit Issue,2025-01-19
R000229,O001346,P0026,Size/Fit Issue,2025-01-03
R000230,O001349,P0217,Changed Mind,2024-03-24
R000231,O001351,P0243,Damaged Product,2025-11-08
R000232,O001354,P0109,Damaged Product,2025-08-30
R000233,O001354,P0191,Wrong Product Received,2025-09-18
R000234,O001384,P0037,Late Delivery,2025-09-06
R000235,O001390,P0185,Changed Mind,2024-01-30
R000236,O001395,P0047,Late Delivery,2024-04-30
R000237,O001396,P0193,Defective Product,2024-05-18
R000238,O001397,P0213,Damaged Product,2024-10-04
R000239,O001402,P0206,Defective Product,2026-01-09
R000240,O001402,P0060,Size/Fit Issue,2026-01-07
R000241,O001407,P0167,Damaged Product,2024-11-22
R000242,O001408,P0234,Size/Fit Issue,2024-06-26
R000243,O001414,P0115,Late Delivery,2025-01-11
R000244,O001420,P0059,Quality Not as Expected,2025-12-01
R000245,O001421,P0125,Wrong Product Received,2024-09-20
R000246,O001422,P0014,Quality Not as Expected,2024-04-07
R000247,O001423,P0123,Quality Not as Expected,2024-05-31
R000248,O001432,P0022,Defective Product,2025-01-25
R000249,O001437,P0100,Wrong Product Received,2026-01-06
R000250,O001446,P0175,Defective Product,2024-12-24
R000251,O001450,P0042,Size/Fit Issue,2024-01-16
R000252,O001456,P0200,Damaged Product,2024-11-09
R000253,O001458,P0233,Defective Product,2024-04-10
R000254,O001464,P0033,Size/Fit Issue,2024-03-09
R000255,O001476,P0095,Wrong Product Received,2025-06-05
R000256,O001483,P0208,Quality Not as Expected,2025-04-17
R000257,O001485,P0127,Late Delivery,2025-02-02
R000258,O001498,P0068,Damaged Product,2025-10-07
R000259,O001499,P0022,Defective Product,2024-07-30
R000260,O001502,P0111,Defective Product,2025-12-26
R000261,O001509,P0227,Defective Product,2024-02-25
R000262,O001515,P0109,Damaged Product,2025-12-22
R000263,O001516,P0082,Late Delivery,2024-12-30
R000264,O001532,P0213,Quality Not as Expected,2025-12-08
R000265,O001533,P0013,Defective Product,2025-04-27
R000266,O001543,P0192,Size/Fit Issue,2024-03-30
R000267,O001552,P0032,Damaged Product,2025-11-19
R000268,O001560,P0093,Defective Product,2025-08-13
R000269,O001564,P0051,Defective Product,2025-12-16
R000270,O001575,P0125,Damaged Product,2025-09-14
R000271,O001583,P0228,Defective Product,2025-02-08
R000272,O001583,P0099,Defective Product,2025-02-12
R000273,O001591,P0019,Size/Fit Issue,2025-08-23
R000274,O001615,P0238,Quality Not as Expected,2025-03-05
R000275,O001623,P0004,Wrong Product Received,2024-08-30
R000276,O001626,P0097,Quality Not as Expected,2024-05-23
R000277,O001626,P0129,Quality Not as Expected,2024-05-28
R000278,O001627,P0171,Damaged Product,2025-10-20
R000279,O001642,P0189,Changed Mind,2025-06-17
R000280,O001651,P0185,Defective Product,2025-12-20
R000281,O001652,P0035,Changed Mind,2025-07-04
R000282,O001656,P0109,Size/Fit Issue,2025-07-13
R000283,O001657,P0184,Quality Not as Expected,2024-02-21
R000284,O001664,P0096,Defective Product,2025-07-24
R000285,O001664,P0165,Wrong Product Received,2025-07-13
R000286,O001670,P0214,Size/Fit Issue,2024-09-14
R000287,O001670,P0171,Defective Product,2024-09-11
R000288,O001683,P0017,Wrong Product Received,2025-12-09
R000289,O001691,P0059,Size/Fit Issue,2024-09-25
R000290,O001694,P0199,Changed Mind,2025-06-30
R000291,O001697,P0170,Quality Not as Expected,2024-07-15
R000292,O001708,P0198,Late Delivery,2024-11-23
R000293,O001714,P0119,Late Delivery,2025-03-25
R000294,O001725,P0028,Size/Fit Issue,2024-07-12
R000295,O001747,P0171,Quality Not as Expected,2024-02-17
R000296,O001749,P0083,Size/Fit Issue,2025-12-17
R000297,O001755,P0097,Defective Product,2025-02-03
R000298,O001757,P0158,Wrong Product Received,2025-07-13
R000299,O001768,P0085,Damaged Product,2025-05-19
R000300,O001770,P0212,Defective Product,2024-11-04
R000301,O001780,P0061,Damaged Product,2025-11-26
R000302,O001790,P0006,Changed Mind,2025-12-31
R000303,O001798,P0143,Defective Product,2025-02-24
R000304,O001806,P0137,Late Delivery,2025-12-08
R000305,O001810,P0104,Defective Product,2025-08-05
R000306,O001811,P0095,Late Delivery,2024-12-16
R000307,O001811,P0207,Changed Mind,2024-12-08
R000308,O001814,P0039,Late Delivery,2025-05-11
R000309,O001821,P0229,Changed Mind,2024-06-25
R000310,O001825,P0095,Changed Mind,2025-05-31
R000311,O001826,P0006,Wrong Product Received,2024-02-29
R000312,O001831,P0223,Damaged Product,2024-12-28
R000313,O001836,P0201,Late Delivery,2024-08-18
R000314,O001836,P0072,Defective Product,2024-08-23
R000315,O001838,P0144,Damaged Product,2025-06-05
R000316,O001840,P0205,Changed Mind,2025-09-05
R000317,O001842,P0178,Defective Product,2025-03-08
R000318,O001845,P0046,Defective Product,2025-06-10
R000319,O001852,P0143,Defective Product,2025-08-09
R000320,O001859,P0080,Quality Not as Expected,2025-12-15
R000321,O001859,P0056,Damaged Product,2025-12-28
R000322,O001861,P0127,Late Delivery,2025-06-24
R000323,O001871,P0040,Damaged Product,2025-02-15
R000324,O001874,P0041,Changed Mind,2024-12-29
R000325,O001874,P0010,Changed Mind,2024-12-26
R000326,O001889,P0175,Changed Mind,2024-06-06
R000327,O001901,P0025,Changed Mind,2025-01-10
R000328,O001906,P0056,Defective Product,2024-08-06
R000329,O001909,P0106,Damaged Product,2025-05-14
R000330,O001917,P0090,Quality Not as Expected,2024-08-25
R000331,O001919,P0035,Size/Fit Issue,2025-09-02
R000332,O001925,P0048,Changed Mind,2024-05-15
R000333,O001940,P0060,Wrong Product Received,2024-11-16
R000334,O001942,P0061,Late Delivery,2025-11-15
R000335,O001944,P0074,Wrong Product Received,2025-08-28
R000336,O001948,P0188,Damaged Product,2025-04-12
R000337,O001950,P0122,Changed Mind,2024-05-01
R000338,O001956,P0039,Late Delivery,2025-01-12
R000339,O001959,P0168,Late Delivery,2024-08-26
R000340,O001964,P0014,Damaged Product,2024-03-15
R000341,O001965,P0004,Damaged Product,2024-10-08
R000342,O001968,P0194,Changed Mind,2025-01-14
R000343,O001974,P0022,Wrong Product Received,2024-01-15
R000344,O001976,P0022,Changed Mind,2025-02-09
R000345,O001981,P0250,Damaged Product,2024-11-19
R000346,O001984,P0093,Damaged Product,2024-11-18
R000347,O001986,P0195,Size/Fit Issue,2024-10-26
R000348,O001991,P0185,Wrong Product Received,2025-04-10
R000349,O001992,P0041,Damaged Product,2024-03-04
R000350,O002012,P0006,Size/Fit Issue,2025-07-22
R000351,O002015,P0074,Size/Fit Issue,2025-07-10
R000352,O002020,P0071,Changed Mind,2024-11-13
R000353,O002020,P0218,Wrong Product Received,2024-11-17
R000354,O002028,P0172,Changed Mind,2025-12-20
R000355,O002028,P0237,Changed Mind,2025-12-23
R000356,O002031,P0133,Size/Fit Issue,2025-05-30
R000357,O002038,P0141,Size/Fit Issue,2024-05-07
R000358,O002042,P0049,Late Delivery,2025-06-16
R000359,O002045,P0133,Size/Fit Issue,2024-08-02
R000360,O002061,P0109,Quality Not as Expected,2025-04-15
R000361,O002076,P0217,Quality Not as Expected,2025-02-26
R000362,O002080,P0160,Quality Not as Expected,2025-04-27
R000363,O002087,P0048,Defective Product,2025-07-26
R000364,O002088,P0094,Defective Product,2025-11-19
R000365,O002095,P0174,Size/Fit Issue,2024-10-17
R000366,O002102,P0102,Changed Mind,2025-08-20
R000367,O002117,P0246,Damaged Product,2024-11-23
R000368,O002120,P0186,Changed Mind,2025-08-14
R000369,O002125,P0081,Quality Not as Expected,2024-06-11
R000370,O002141,P0102,Defective Product,2024-06-05
R000371,O002145,P0145,Wrong Product Received,2024-08-04
R000372,O002147,P0004,Changed Mind,2025-11-12
R000373,O002150,P0124,Late Delivery,2025-05-13
R000374,O002150,P0193,Size/Fit Issue,2025-05-08
R000375,O002159,P0101,Late Delivery,2024-03-29
R000376,O002182,P0090,Quality Not as Expected,2024-03-19
R000377,O002183,P0033,Changed Mind,2024-06-23
R000378,O002187,P0009,Defective Product,2024-11-08
R000379,O002192,P0179,Quality Not as Expected,2026-01-07
R000380,O002194,P0065,Quality Not as Expected,2025-01-29
R000381,O002199,P0192,Size/Fit Issue,2024-10-16
R000382,O002207,P0014,Size/Fit Issue,2024-10-19
R000383,O002216,P0168,Damaged Product,2025-10-06
R000384,O002218,P0093,Defective Product,2024-01-23
R000385,O002226,P0078,Changed Mind,2025-12-28
R000386,O002229,P0092,Changed Mind,2025-05-05
R000387,O002234,P0098,Quality Not as Expected,2025-07-11
R000388,O002242,P0198,Late Delivery,2025-06-18
R000389,O002247,P0014,Quality Not as Expected,2025-06-16
R000390,O002248,P0088,Defective Product,2024-06-03
R000391,O002249,P0074,Wrong Product Received,2024-01-18
R000392,O002254,P0090,Size/Fit Issue,2025-05-12
R000393,O002258,P0014,Quality Not as Expected,2025-10-15
R000394,O002260,P0065,Quality Not as Expected,2024-09-12
R000395,O002260,P0155,Changed Mind,2024-09-29
R000396,O002263,P0042,Late Delivery,2024-07-22
R000397,O002272,P0184,Damaged Product,2024-12-10
R000398,O002276,P0180,Wrong Product Received,2025-01-29
R000399,O002281,P0060,Wrong Product Received,2024-03-30
R000400,O002282,P0186,Late Delivery,2025-08-04
R000401,O002293,P0108,Defective Product,2025-09-26
R000402,O002296,P0233,Damaged Product,2025-01-29
R000403,O002301,P0017,Wrong Product Received,2024-03-14
R000404,O002306,P0041,Quality Not as Expected,2025-11-30
R000405,O002307,P0163,Late Delivery,2025-01-14
R000406,O002310,P0115,Defective Product,2025-01-02
R000407,O002315,P0240,Quality Not as Expected,2024-07-23
R000408,O002315,P0093,Damaged Product,2024-07-15
R000409,O002321,P0051,Damaged Product,2025-07-16
R000410,O002322,P0043,Size/Fit Issue,2024-04-06
R000411,O002328,P0224,Changed Mind,2026-01-16
R000412,O002333,P0009,Quality Not as Expected,2025-09-02
R000413,O002334,P0147,Defective Product,2024-08-22
R000414,O002336,P0004,Quality Not as Expected,2025-07-19
R000415,O002353,P0042,Size/Fit Issue,2024-09-22
R000416,O002360,P0177,Damaged Product,2025-05-04
R000417,O002365,P0176,Wrong Product Received,2025-12-23
R000418,O002370,P0233,Defective Product,2024-11-15
R000419,O002385,P0152,Wrong Product Received,2024-03-21
R000420,O002400,P0022,Defective Product,2025-08-14
R000421,O002409,P0107,Defective Product,2024-12-08
R000422,O002414,P0013,Wrong Product Received,2025-07-04
R000423,O002419,P0106,Changed Mind,2025-06-10
R000424,O002437,P0166,Late Delivery,2024-12-26
R000425,O002445,P0106,Wrong Product Received,2025-09-28
R000426,O002462,P0101,Damaged Product,2024-07-01
R000427,O002468,P0131,Damaged Product,2025-09-28
R000428,O002473,P0054,Late Delivery,2024-06-23
R000429,O002482,P0203,Quality Not as Expected,2025-12-24
R000430,O002483,P0067,Late Delivery,2025-11-13
R000431,O002501,P0190,Size/Fit Issue,2025-06-26
R000432,O002505,P0119,Wrong Product Received,2024-11-09
R000433,O002508,P0245,Damaged Product,2025-02-16
R000434,O002512,P0047,Size/Fit Issue,2025-07-04
R000435,O002519,P0247,Defective Product,2024-04-08
R000436,O002519,P0093,Defective Product,2024-04-11
R000437,O002521,P0104,Damaged Product,2024-09-17
R000438,O002532,P0031,Size/Fit Issue,2025-01-15
R000439,O002551,P0162,Late Delivery,2024-10-27
R000440,O002557,P0234,Late Delivery,2025-09-28
R000441,O002563,P0022,Late Delivery,2025-11-13
R000442,O002564,P0016,Changed Mind,2024-06-04
R000443,O002575,P0064,Size/Fit Issue,2024-10-14
R000444,O002581,P0133,Size/Fit Issue,2024-11-23
R000445,O002591,P0046,Quality Not as Expected,2024-05-29
R000446,O002591,P0007,Changed Mind,2024-05-26
R000447,O002599,P0199,Defective Product,2025-06-07
R000448,O002610,P0116,Wrong Product Received,2025-01-10
R000449,O002610,P0115,Damaged Product,2024-12-22
R000450,O002616,P0186,Size/Fit Issue,2024-04-08
R000451,O002618,P0234,Late Delivery,2025-06-07
R000452,O002630,P0180,Size/Fit Issue,2025-08-31
R000453,O002636,P0162,Defective Product,2025-01-15
R000454,O002636,P0164,Changed Mind,2025-01-15
R000455,O002652,P0152,Changed Mind,2024-12-06
R000456,O002652,P0046,Damaged Product,2024-11-21
R000457,O002657,P0043,Quality Not as Expected,2025-03-16
R000458,O002657,P0139,Damaged Product,2025-04-06
R000459,O002680,P0175,Late Delivery,2024-06-09
R000460,O002681,P0036,Quality Not as Expected,2025-11-17
R000461,O002687,P0170,Size/Fit Issue,2024-12-21
R000462,O002693,P0068,Quality Not as Expected,2025-04-02
R000463,O002696,P0149,Size/Fit Issue,2024-05-26
R000464,O002698,P0193,Changed Mind,2025-04-11
R000465,O002708,P0061,Defective Product,2025-03-18
R000466,O002713,P0119,Late Delivery,2024-07-18
R000467,O002714,P0250,Late Delivery,2024-09-05
R000468,O002717,P0238,Wrong Product Received,2025-12-29
R000469,O002723,P0171,Defective Product,2024-05-05
R000470,O002724,P0219,Wrong Product Received,2025-04-09
R000471,O002731,P0152,Damaged Product,2025-05-02
R000472,O002731,P0238,Late Delivery,2025-04-21
R000473,O002736,P0195,Defective Product,2024-03-27
R000474,O002741,P0191,Changed Mind,2024-02-18
R000475,O002749,P0170,Damaged Product,2025-05-09
R000476,O002756,P0084,Late Delivery,2025-08-06
R000477,O002766,P0030,Quality Not as Expected,2024-05-22
R000478,O002768,P0200,Size/Fit Issue,2025-01-04
R000479,O002778,P0238,Quality Not as Expected,2025-05-13
R000480,O002787,P0232,Late Delivery,2025-03-20
R000481,O002787,P0213,Defective Product,2025-03-28
R000482,O002794,P0066,Changed Mind,2024-11-27
R000483,O002798,P0171,Damaged Product,2025-09-19
R000484,O002812,P0174,Size/Fit Issue,2024-03-01
R000485,O002812,P0078,Size/Fit Issue,2024-03-05
R000486,O002820,P0193,Changed Mind,2024-08-24
R000487,O002821,P0084,Defective Product,2024-05-09
R000488,O002827,P0240,Changed Mind,2024-03-24
R000489,O002829,P0236,Late Delivery,2024-07-19
R000490,O002830,P0090,Damaged Product,2024-11-07
R000491,O002842,P0035,Size/Fit Issue,2025-10-17
R000492,O002842,P0230,Defective Product,2025-09-22
R000493,O002844,P0095,Changed Mind,2024-04-01
R000494,O002861,P0095,Defective Product,2024-06-03
R000495,O002863,P0201,Wrong Product Received,2025-09-29
R000496,O002870,P0020,Changed Mind,2025-11-22
R000497,O002872,P0092,Damaged Product,2024-12-03
R000498,O002873,P0029,Size/Fit Issue,2025-01-10
R000499,O002876,P0225,Changed Mind,2024-07-26
R000500,O002888,P0044,Wrong Product Received,2024-08-16
R000501,O002890,P0195,Damaged Product,2025-12-20
R000502,O002904,P0133,Quality Not as Expected,2024-10-23
R000503,O002908,P0065,Size/Fit Issue,2024-09-02
R000504,O002914,P0013,Defective Product,2026-01-03
R000505,O002917,P0197,Defective Product,2024-09-23
R000506,O002918,P0136,Defective Product,2025-06-02
R000507,O002921,P0049,Quality Not as Expected,2024-09-01
R000508,O002921,P0208,Defective Product,2024-09-23
R000509,O002933,P0240,Changed Mind,2024-05-13
R000510,O002939,P0191,Defective Product,2025-03-28
R000511,O002941,P0129,Damaged Product,2025-02-05
R000512,O002946,P0014,Quality Not as Expected,2025-06-21
R000513,O002958,P0004,Changed Mind,2025-07-09
R000514,O002964,P0218,Damaged Product,2025-12-16
R000515,O002970,P0145,Size/Fit Issue,2025-07-12
R000516,O002971,P0055,Size/Fit Issue,2025-03-17
R000517,O002980,P0203,Changed Mind,2025-02-27
R000518,O002988,P0026,Size/Fit Issue,2026-01-04
R000519,O002992,P0022,Damaged Product,2025-12-17
R000520,O002993,P0234,Quality Not as Expected,2024-07-02
R000521,O003006,P0006,Size/Fit Issue,2024-10-31
R000522,O003009,P0159,Changed Mind,2026-01-07
R000523,O003009,P0215,Defective Product,2025-12-30
R000524,O003016,P0004,Late Delivery,2025-11-04
R000525,O003017,P0072,Wrong Product Received,2024-04-14
R000526,O003032,P0229,Wrong Product Received,2026-01-21
R000527,O003043,P0010,Quality Not as Expected,2025-10-25
R000528,O003048,P0102,Changed Mind,2025-05-02
R000529,O003058,P0143,Changed Mind,2024-06-01
R000530,O003059,P0006,Changed Mind,2024-11-28
R000531,O003063,P0033,Damaged Product,2024-12-12
R000532,O003067,P0192,Quality Not as Expected,2025-03-15
R000533,O003067,P0056,Quality Not as Expected,2025-03-01
R000534,O003071,P0149,Late Delivery,2024-12-07
R000535,O003082,P0113,Quality Not as Expected,2024-11-14
R000536,O003088,P0061,Defective Product,2024-06-19
R000537,O003102,P0099,Size/Fit Issue,2024-01-20
R000538,O003115,P0093,Late Delivery,2025-08-29
R000539,O003121,P0088,Quality Not as Expected,2024-06-19
R000540,O003126,P0217,Size/Fit Issue,2024-11-27
R000541,O003129,P0140,Size/Fit Issue,2025-02-07
R000542,O003133,P0227,Damaged Product,2024-04-26
R000543,O003136,P0196,Quality Not as Expected,2025-08-27
R000544,O003154,P0183,Late Delivery,2024-10-07
R000545,O003164,P0009,Damaged Product,2024-12-06
R000546,O003172,P0177,Damaged Product,2025-02-11
R000547,O003174,P0185,Late Delivery,2025-08-30
R000548,O003179,P0214,Quality Not as Expected,2025-08-01
R000549,O003182,P0055,Damaged Product,2024-07-21
R000550,O003189,P0038,Quality Not as Expected,2024-08-01
R000551,O003193,P0155,Size/Fit Issue,2024-06-17
R000552,O003200,P0136,Damaged Product,2025-08-05
R000553,O003201,P0234,Damaged Product,2025-02-18
R000554,O003202,P0064,Late Delivery,2025-05-01
R000555,O003207,P0170,Quality Not as Expected,2025-05-13
R000556,O003211,P0147,Defective Product,2024-04-12
R000557,O003225,P0184,Quality Not as Expected,2024-02-21
R000558,O003234,P0146,Quality Not as Expected,2024-10-08
R000559,O003234,P0057,Late Delivery,2024-10-12
R000560,O003237,P0022,Defective Product,2024-03-15
R000561,O003238,P0051,Changed Mind,2025-02-03
R000562,O003241,P0181,Size/Fit Issue,2024-03-10
R000563,O003242,P0214,Size/Fit Issue,2024-08-28
R000564,O003247,P0146,Defective Product,2024-10-24
R000565,O003250,P0121,Size/Fit Issue,2024-08-04
R000566,O003260,P0044,Changed Mind,2024-09-28
R000567,O003265,P0064,Size/Fit Issue,2025-12-12
R000568,O003268,P0106,Changed Mind,2024-12-06
R000569,O003273,P0183,Size/Fit Issue,2024-10-01
R000570,O003275,P0228,Late Delivery,2024-04-06
R000571,O003279,P0047,Damaged Product,2025-07-04
R000572,O003279,P0098,Quality Not as Expected,2025-07-08
R000573,O003279,P0110,Quality Not as Expected,2025-06-28
R000574,O003282,P0022,Defective Product,2025-11-20
R000575,O003285,P0089,Damaged Product,2024-11-06
R000576,O003302,P0226,Quality Not as Expected,2025-11-27
R000577,O003315,P0131,Size/Fit Issue,2024-05-31
R000578,O003316,P0014,Size/Fit Issue,2024-06-16
R000579,O003326,P0016,Size/Fit Issue,2025-08-14
R000580,O003329,P0180,Size/Fit Issue,2024-07-05
R000581,O003330,P0013,Defective Product,2025-02-25
R000582,O003342,P0074,Quality Not as Expected,2025-09-10
R000583,O003343,P0160,Defective Product,2025-11-01
R000584,O003354,P0113,Damaged Product,2025-12-16
R000585,O003356,P0233,Defective Product,2024-03-16
R000586,O003358,P0175,Changed Mind,2024-12-07
R000587,O003358,P0011,Quality Not as Expected,2024-12-21
R000588,O003358,P0054,Quality Not as Expected,2024-11-29
R000589,O003359,P0064,Damaged Product,2025-03-02
R000590,O003361,P0004,Quality Not as Expected,2025-02-23
R000591,O003363,P0101,Quality Not as Expected,2024-01-27
R000592,O003366,P0070,Quality Not as Expected,2024-08-15
R000593,O003373,P0099,Changed Mind,2025-09-27
R000594,O003380,P0231,Wrong Product Received,2025-07-07
R000595,O003383,P0036,Size/Fit Issue,2025-02-12
R000596,O003390,P0180,Damaged Product,2025-03-21
R000597,O003392,P0167,Size/Fit Issue,2024-11-14
R000598,O003394,P0043,Defective Product,2025-05-04
R000599,O003395,P0240,Changed Mind,2024-08-11
R000600,O003397,P0121,Size/Fit Issue,2024-06-07
R000601,O003401,P0023,Changed Mind,2024-06-30
R000602,O003412,P0023,Defective Product,2025-07-25
R000603,O003413,P0036,Size/Fit Issue,2025-03-12
R000604,O003423,P0077,Late Delivery,2024-05-22
R000605,O003430,P0213,Wrong Product Received,2025-05-29
R000606,O003439,P0159,Wrong Product Received,2024-03-04
R000607,O003454,P0145,Damaged Product,2025-07-23
R000608,O003457,P0133,Quality Not as Expected,2024-08-15
R000609,O003460,P0194,Size/Fit Issue,2024-11-20
R000610,O003461,P0106,Size/Fit Issue,2025-12-01
R000611,O003464,P0238,Late Delivery,2024-10-07
R000612,O003473,P0106,Late Delivery,2024-08-10
R000613,O003476,P0176,Quality Not as Expected,2024-01-21
R000614,O003496,P0188,Damaged Product,2024-06-13
R000615,O003500,P0037,Wrong Product Received,2024-10-05
R000616,O003500,P0080,Size/Fit Issue,2024-09-23
R000617,O003507,P0108,Defective Product,2025-08-11
R000618,O003523,P0200,Wrong Product Received,2024-06-20
R000619,O003535,P0055,Quality Not as Expected,2024-09-11
R000620,O003537,P0235,Quality Not as Expected,2025-12-05
R000621,O003542,P0108,Late Delivery,2025-05-05
R000622,O003548,P0152,Defective Product,2024-07-30
R000623,O003552,P0211,Defective Product,2024-11-12
R000624,O003559,P0113,Quality Not as Expected,2025-09-23
R000625,O003570,P0185,Size/Fit Issue,2025-10-12
R000626,O003578,P0086,Defective Product,2024-07-29
R000627,O003580,P0241,Wrong Product Received,2026-01-29
R000628,O003594,P0137,Size/Fit Issue,2024-03-15
R000629,O003603,P0036,Quality Not as Expected,2024-05-14
R000630,O003608,P0186,Size/Fit Issue,2024-07-26
R000631,O003609,P0192,Size/Fit Issue,2024-03-01
R000632,O003615,P0196,Quality Not as Expected,2024-04-30
R000633,O003615,P0088,Damaged Product,2024-04-09
R000634,O003617,P0175,Changed Mind,2025-10-10
R000635,O003621,P0069,Quality Not as Expected,2024-09-06
R000636,O003626,P0155,Defective Product,2024-11-28
R000637,O003643,P0046,Damaged Product,2024-11-03
R000638,O003651,P0184,Changed Mind,2024-05-31
R000639,O003652,P0040,Defective Product,2024-04-05
R000640,O003654,P0077,Defective Product,2024-04-02
R000641,O003684,P0022,Damaged Product,2025-10-07
R000642,O003696,P0025,Late Delivery,2025-09-30
R000643,O003696,P0185,Defective Product,2025-10-06
R000644,O003698,P0022,Quality Not as Expected,2025-08-03
R000645,O003703,P0025,Size/Fit Issue,2025-11-25
R000646,O003723,P0091,Late Delivery,2024-08-10
R000647,O003724,P0154,Quality Not as Expected,2024-05-01
R000648,O003739,P0107,Wrong Product Received,2025-09-16
R000649,O003748,P0099,Damaged Product,2024-12-20
R000650,O003756,P0240,Changed Mind,2025-10-28
R000651,O003756,P0068,Late Delivery,2025-10-19
R000652,O003756,P0054,Wrong Product Received,2025-10-05
R000653,O003757,P0067,Damaged Product,2024-07-23
R000654,O003762,P0077,Late Delivery,2024-12-13
R000655,O003764,P0248,Size/Fit Issue,2025-04-06
R000656,O003768,P0055,Size/Fit Issue,2025-08-21
R000657,O003769,P0093,Defective Product,2024-07-19
R000658,O003769,P0192,Changed Mind,2024-06-27
R000659,O003778,P0053,Quality Not as Expected,2024-10-27
R000660,O003781,P0171,Damaged Product,2024-04-24
R000661,O003783,P0074,Size/Fit Issue,2024-04-08
R000662,O003787,P0134,Late Delivery,2024-11-04
R000663,O003798,P0203,Defective Product,2025-11-02
R000664,O003809,P0051,Late Delivery,2024-05-12
R000665,O003821,P0220,Defective Product,2025-07-04
R000666,O003828,P0166,Late Delivery,2025-04-24
R000667,O003833,P0158,Changed Mind,2024-10-21
R000668,O003842,P0238,Defective Product,2024-12-18
R000669,O003844,P0038,Defective Product,2025-08-28
R000670,O003846,P0053,Damaged Product,2025-01-23
R000671,O003855,P0245,Changed Mind,2025-08-09
R000672,O003863,P0066,Size/Fit Issue,2024-04-19
R000673,O003882,P0167,Changed Mind,2025-07-24
R000674,O003884,P0180,Late Delivery,2024-08-14
R000675,O003886,P0058,Changed Mind,2025-04-13
R000676,O003895,P0237,Defective Product,2024-03-16
R000677,O003911,P0106,Quality Not as Expected,2025-11-03
R000678,O003911,P0116,Changed Mind,2025-11-06
R000679,O003914,P0178,Quality Not as Expected,2025-07-11
R000680,O003919,P0041,Size/Fit Issue,2025-05-23
R000681,O003922,P0013,Defective Product,2024-11-06
R000682,O003935,P0140,Damaged Product,2025-04-19
R000683,O003935,P0175,Changed Mind,2025-04-25
R000684,O003936,P0206,Defective Product,2025-09-02
R000685,O003944,P0113,Damaged Product,2024-03-26
R000686,O003950,P0171,Defective Product,2025-12-29
R000687,O003953,P0195,Damaged Product,2025-04-03
R000688,O003961,P0009,Damaged Product,2025-04-08
R000689,O003969,P0105,Late Delivery,2024-09-22
R000690,O003972,P0094,Defective Product,2024-01-26
R000691,O003986,P0014,Quality Not as Expected,2025-06-21
R000692,O003998,P0226,Quality Not as Expected,2024-01-26
R000693,O004003,P0003,Changed Mind,2025-04-19
R000694,O004012,P0180,Quality Not as Expected,2024-03-23
R000695,O004013,P0200,Late Delivery,2025-12-04
R000696,O004036,P0121,Changed Mind,2025-01-04
R000697,O004040,P0067,Defective Product,2024-08-28
R000698,O004043,P0109,Quality Not as Expected,2025-10-30
R000699,O004045,P0240,Size/Fit Issue,2024-02-14
R000700,O004051,P0166,Changed Mind,2024-07-13
R000701,O004054,P0245,Late Delivery,2025-04-24
R000702,O004069,P0095,Quality Not as Expected,2025-09-17
R000703,O004072,P0173,Quality Not as Expected,2024-03-11
R000704,O004079,P0036,Size/Fit Issue,2024-09-03
R000705,O004099,P0029,Size/Fit Issue,2026-01-01
R000706,O004102,P0201,Size/Fit Issue,2024-04-16
R000707,O004107,P0218,Damaged Product,2025-11-11
R000708,O004113,P0068,Quality Not as Expected,2026-01-03
R000709,O004120,P0022,Defective Product,2025-05-11
R000710,O004124,P0125,Quality Not as Expected,2025-07-02
R000711,O004137,P0132,Damaged Product,2025-09-12
R000712,O004143,P0065,Size/Fit Issue,2024-05-24
R000713,O004162,P0108,Quality Not as Expected,2025-05-22
R000714,O004163,P0181,Size/Fit Issue,2025-03-19
R000715,O004166,P0193,Quality Not as Expected,2025-01-26
R000716,O004166,P0185,Damaged Product,2025-01-11
R000717,O004171,P0117,Quality Not as Expected,2024-04-08
R000718,O004172,P0042,Quality Not as Expected,2025-12-21
R000719,O004172,P0103,Late Delivery,2025-12-30
R000720,O004182,P0131,Quality Not as Expected,2024-10-18
R000721,O004183,P0079,Changed Mind,2025-04-24
R000722,O004185,P0093,Damaged Product,2024-07-10
R000723,O004187,P0035,Changed Mind,2025-08-25
R000724,O004188,P0030,Defective Product,2025-01-12
R000725,O004189,P0148,Damaged Product,2024-04-06
R000726,O004189,P0125,Late Delivery,2024-04-22
R000727,O004190,P0220,Late Delivery,2024-08-26
R000728,O004193,P0173,Wrong Product Received,2025-03-11
R000729,O004193,P0225,Quality Not as Expected,2025-03-19
R000730,O004196,P0152,Defective Product,2024-05-04
R000731,O004202,P0140,Changed Mind,2025-05-04
R000732,O004205,P0011,Late Delivery,2024-02-23
R000733,O004206,P0043,Size/Fit Issue,2026-01-10
R000734,O004207,P0247,Changed Mind,2025-10-12
R000735,O004217,P0066,Quality Not as Expected,2025-09-08
R000736,O004222,P0187,Size/Fit Issue,2025-05-14
R000737,O004223,P0075,Size/Fit Issue,2024-06-10
R000738,O004224,P0091,Quality Not as Expected,2024-04-03
R000739,O004228,P0048,Quality Not as Expected,2024-11-21
R000740,O004230,P0006,Defective Product,2024-08-28
R000741,O004231,P0031,Defective Product,2025-11-14
R000742,O004233,P0162,Quality Not as Expected,2024-12-31
R000743,O004233,P0234,Damaged Product,2024-12-24
R000744,O004235,P0160,Changed Mind,2024-12-16
R000745,O004238,P0137,Changed Mind,2025-06-26
R000746,O004243,P0003,Damaged Product,2024-02-29
R000747,O004244,P0048,Damaged Product,2024-03-20
R000748,O004249,P0062,Damaged Product,2025-08-31
R000749,O004254,P0249,Damaged Product,2024-12-11
R000750,O004264,P0029,Late Delivery,2026-01-08
R000751,O004264,P0167,Quality Not as Expected,2025-12-16
R000752,O004266,P0006,Size/Fit Issue,2025-03-26
R000753,O004270,P0193,Size/Fit Issue,2025-03-29
R000754,O004271,P0037,Damaged Product,2025-09-26
R000755,O004279,P0042,Late Delivery,2025-05-20
R000756,O004284,P0062,Defective Product,2026-01-06
R000757,O004291,P0091,Quality Not as Expected,2024-01-22
R000758,O004294,P0118,Defective Product,2025-01-13
R000759,O004307,P0022,Damaged Product,2024-01-09
R000760,O004316,P0202,Size/Fit Issue,2024-03-24
R000761,O004333,P0063,Quality Not as Expected,2025-04-19
R000762,O004335,P0247,Quality Not as Expected,2024-10-23
R000763,O004340,P0159,Quality Not as Expected,2025-12-21
R000764,O004354,P0232,Size/Fit Issue,2025-10-08
R000765,O004364,P0149,Quality Not as Expected,2024-12-01
R000766,O004364,P0192,Quality Not as Expected,2024-12-13
R000767,O004371,P0191,Damaged Product,2024-12-28
R000768,O004371,P0130,Wrong Product Received,2024-12-31
R000769,O004374,P0187,Defective Product,2025-10-29
R000770,O004377,P0065,Quality Not as Expected,2025-07-07
R000771,O004378,P0085,Damaged Product,2025-01-04
R000772,O004378,P0068,Wrong Product Received,2024-12-19
R000773,O004384,P0215,Damaged Product,2025-12-25
R000774,O004386,P0145,Changed Mind,2025-11-23
R000775,O004396,P0122,Quality Not as Expected,2026-01-15
R000776,O004414,P0161,Size/Fit Issue,2025-11-15
R000777,O004414,P0186,Defective Product,2025-11-14
R000778,O004416,P0155,Wrong Product Received,2024-07-13
R000779,O004418,P0091,Size/Fit Issue,2025-09-13
R000780,O004421,P0194,Changed Mind,2024-11-17
R000781,O004432,P0012,Late Delivery,2025-12-16
R000782,O004440,P0089,Wrong Product Received,2026-01-21
R000783,O004444,P0057,Defective Product,2025-02-26
R000784,O004459,P0226,Damaged Product,2025-12-18
R000785,O004462,P0130,Damaged Product,2024-02-08
R000786,O004469,P0128,Quality Not as Expected,2025-10-24
R000787,O004472,P0186,Defective Product,2025-08-12
R000788,O004474,P0145,Quality Not as Expected,2024-09-09
R000789,O004476,P0169,Defective Product,2024-05-17
R000790,O004477,P0005,Defective Product,2025-04-18
R000791,O004481,P0101,Late Delivery,2024-11-14
R000792,O004496,P0120,Damaged Product,2025-08-13
R000793,O004500,P0171,Defective Product,2024-10-02
R000794,O004502,P0028,Late Delivery,2024-05-24
R000795,O004504,P0113,Changed Mind,2024-07-16
R000796,O004506,P0088,Changed Mind,2025-07-16
R000797,O004518,P0165,Late Delivery,2025-12-24
R000798,O004529,P0118,Defective Product,2024-01-20
R000799,O004530,P0226,Quality Not as Expected,2025-05-15
R000800,O004536,P0211,Defective Product,2025-07-13
R000801,O004538,P0241,Changed Mind,2025-12-19
R000802,O004548,P0238,Defective Product,2025-05-10
R000803,O004550,P0185,Defective Product,2024-10-09
R000804,O004581,P0200,Size/Fit Issue,2024-12-25
R000805,O004586,P0162,Damaged Product,2024-05-09
R000806,O004591,P0194,Late Delivery,2024-03-25
R000807,O004593,P0128,Defective Product,2025-02-15
R000808,O004595,P0053,Wrong Product Received,2024-11-06
R000809,O004597,P0215,Damaged Product,2025-11-05
R000810,O004610,P0003,Size/Fit Issue,2025-07-01
R000811,O004610,P0073,Defective Product,2025-07-01
R000812,O004617,P0109,Wrong Product Received,2024-12-24
R000813,O004622,P0226,Size/Fit Issue,2024-01-16
R000814,O004626,P0155,Damaged Product,2025-03-22
R000815,O004631,P0135,Defective Product,2024-04-21
R000816,O004642,P0231,Late Delivery,2024-07-24
R000817,O004643,P0019,Size/Fit Issue,2026-01-19
R000818,O004656,P0083,Quality Not as Expected,2024-10-16
R000819,O004658,P0008,Wrong Product Received,2025-12-24
R000820,O004670,P0075,Damaged Product,2025-01-20
R000821,O004677,P0234,Defective Product,2024-08-30
R000822,O004677,P0112,Wrong Product Received,2024-09-04
R000823,O004698,P0165,Defective Product,2025-09-25
R000824,O004706,P0158,Late Delivery,2025-02-05
R000825,O004708,P0055,Defective Product,2025-11-23
R000826,O004717,P0225,Wrong Product Received,2024-04-18
R000827,O004737,P0140,Quality Not as Expected,2024-09-09
R000828,O004738,P0036,Size/Fit Issue,2025-05-06
R000829,O004741,P0179,Size/Fit Issue,2025-06-11
R000830,O004750,P0090,Size/Fit Issue,2024-12-12
R000831,O004750,P0126,Size/Fit Issue,2024-12-11
R000832,O004766,P0048,Defective Product,2025-06-30
R000833,O004783,P0208,Quality Not as Expected,2025-03-13
R000834,O004790,P0034,Wrong Product Received,2025-12-01
R000835,O004797,P0245,Defective Product,2025-06-04
R000836,O004800,P0234,Quality Not as Expected,2025-08-19
R000837,O004815,P0125,Wrong Product Received,2024-04-18
R000838,O004815,P0111,Quality Not as Expected,2024-04-11
R000839,O004816,P0133,Late Delivery,2024-12-30
R000840,O004820,P0115,Defective Product,2025-05-03
R000841,O004821,P0149,Damaged Product,2024-10-29
R000842,O004835,P0161,Wrong Product Received,2024-05-10
R000843,O004836,P0132,Defective Product,2025-10-28
R000844,O004845,P0073,Changed Mind,2025-05-18
R000845,O004888,P0238,Defective Product,2024-09-23
R000846,O004902,P0162,Damaged Product,2025-12-28
R000847,O004905,P0106,Changed Mind,2026-01-07
R000848,O004905,P0222,Defective Product,2026-01-18
R000849,O004905,P0234,Changed Mind,2026-01-15
R000850,O004913,P0238,Changed Mind,2024-03-30
R000851,O004915,P0144,Wrong Product Received,2024-09-02
R000852,O004921,P0132,Quality Not as Expected,2025-09-13
R000853,O004922,P0185,Quality Not as Expected,2025-09-26
R000854,O004924,P0042,Size/Fit Issue,2024-08-04
R000855,O004925,P0126,Quality Not as Expected,2025-07-24
R000856,O004928,P0024,Quality Not as Expected,2024-05-11
R000857,O004935,P0039,Damaged Product,2024-05-22
R000858,O004937,P0051,Defective Product,2025-04-21
R000859,O004944,P0006,Wrong Product Received,2025-06-23
R000860,O004947,P0077,Damaged Product,2025-02-22
R000861,O004957,P0062,Quality Not as Expected,2025-02-01
R000862,O004960,P0099,Damaged Product,2024-08-01
R000863,O004974,P0108,Changed Mind,2024-07-08
R000864,O004978,P0041,Changed Mind,2025-02-18
R000865,O004978,P0226,Size/Fit Issue,2025-01-29
R000866,O004981,P0041,Size/Fit Issue,2024-02-05
R000867,O004985,P0121,Size/Fit Issue,2025-10-15
R000868,O004987,P0052,Size/Fit Issue,2024-05-31
R000869,O004996,P0188,Changed Mind,2025-02-24
R000870,O005001,P0189,Late Delivery,2025-07-09
R000871,O005002,P0200,Quality Not as Expected,2024-12-22
R000872,O005009,P0036,Damaged Product,2024-04-30
R000873,O005011,P0035,Size/Fit Issue,2025-12-30
R000874,O005015,P0073,Defective Product,2025-11-20
R000875,O005029,P0006,Size/Fit Issue,2025-03-29
R000876,O005051,P0042,Late Delivery,2024-04-10
R000877,O005053,P0102,Defective Product,2025-03-12
R000878,O005054,P0240,Quality Not as Expected,2024-03-11
R000879,O005056,P0113,Changed Mind,2024-12-19
R000880,O005057,P0004,Damaged Product,2024-06-26
R000881,O005057,P0055,Quality Not as Expected,2024-07-03
R000882,O005066,P0094,Defective Product,2024-08-26
R000883,O005067,P0022,Damaged Product,2024-10-24
R000884,O005071,P0248,Size/Fit Issue,2024-11-16
R000885,O005072,P0070,Late Delivery,2025-08-07
R000886,O005073,P0033,Defective Product,2026-01-05
R000887,O005076,P0148,Defective Product,2024-08-26
R000888,O005076,P0217,Damaged Product,2024-09-10
R000889,O005077,P0029,Quality Not as Expected,2024-06-26
R000890,O005080,P0214,Size/Fit Issue,2025-05-05
R000891,O005087,P0029,Changed Mind,2024-04-23
R000892,O005088,P0004,Wrong Product Received,2025-07-08
R000893,O005088,P0099,Late Delivery,2025-06-22
R000894,O005090,P0116,Damaged Product,2025-06-02
R000895,O005091,P0028,Quality Not as Expected,2024-07-15
R000896,O005104,P0046,Late Delivery,2024-08-07
R000897,O005106,P0156,Wrong Product Received,2025-12-07
R000898,O005112,P0191,Defective Product,2024-11-26
R000899,O005112,P0195,Changed Mind,2024-11-26
R000900,O005119,P0066,Wrong Product Received,2024-08-21
R000901,O005130,P0132,Defective Product,2024-09-09
R000902,O005133,P0250,Changed Mind,2024-03-28
R000903,O005143,P0199,Defective Product,2025-12-29
R000904,O005148,P0161,Size/Fit Issue,2025-07-05
R000905,O005157,P0225,Late Delivery,2025-06-23
R000906,O005170,P0220,Late Delivery,2024-01-16
R000907,O005174,P0234,Defective Product,2025-04-17
R000908,O005179,P0105,Late Delivery,2025-01-14
R000909,O005180,P0014,Changed Mind,2024-04-01
R000910,O005186,P0099,Changed Mind,2024-08-18
R000911,O005191,P0029,Late Delivery,2024-05-22
R000912,O005194,P0103,Defective Product,2025-09-22
R000913,O005198,P0185,Defective Product,2025-10-10
R000914,O005202,P0241,Quality Not as Expected,2025-01-26
R000915,O005202,P0140,Quality Not as Expected,2025-02-04
R000916,O005205,P0194,Changed Mind,2025-03-16
R000917,O005214,P0008,Defective Product,2024-10-29
R000918,O005217,P0085,Damaged Product,2024-10-12
R000919,O005222,P0197,Changed Mind,2025-11-20
R000920,O005222,P0193,Wrong Product Received,2025-11-08
R000921,O005225,P0237,Changed Mind,2025-11-14
R000922,O005235,P0104,Defective Product,2024-05-20
R000923,O005242,P0203,Quality Not as Expected,2025-01-30
R000924,O005252,P0059,Quality Not as Expected,2024-03-22
R000925,O005255,P0036,Wrong Product Received,2024-10-23
R000926,O005255,P0123,Changed Mind,2024-11-08
R000927,O005257,P0006,Size/Fit Issue,2024-04-21
R000928,O005264,P0179,Size/Fit Issue,2026-01-06
R000929,O005267,P0190,Size/Fit Issue,2025-03-13
R000930,O005276,P0207,Wrong Product Received,2025-04-26
R000931,O005279,P0067,Wrong Product Received,2024-09-01
R000932,O005280,P0008,Defective Product,2024-06-05
R000933,O005288,P0023,Defective Product,2024-04-24
R000934,O005294,P0083,Wrong Product Received,2025-09-23
R000935,O005301,P0222,Changed Mind,2025-06-26
R000936,O005302,P0179,Changed Mind,2024-05-18
R000937,O005307,P0121,Damaged Product,2024-08-30
R000938,O005316,P0214,Size/Fit Issue,2025-10-11
R000939,O005319,P0070,Changed Mind,2025-01-03
R000940,O005323,P0095,Quality Not as Expected,2025-10-25
R000941,O005323,P0145,Damaged Product,2025-10-17
R000942,O005325,P0152,Quality Not as Expected,2024-04-25
R000943,O005325,P0133,Changed Mind,2024-04-18
R000944,O005335,P0106,Defective Product,2024-02-17
R000945,O005343,P0201,Damaged Product,2025-02-10
R000946,O005356,P0206,Changed Mind,2026-01-07
R000947,O005360,P0032,Quality Not as Expected,2024-02-18
R000948,O005372,P0247,Defective Product,2024-04-13
R000949,O005384,P0097,Damaged Product,2024-09-15
R000950,O005389,P0005,Quality Not as Expected,2025-09-18
R000951,O005403,P0092,Quality Not as Expected,2025-01-17
R000952,O005405,P0193,Quality Not as Expected,2024-05-30
R000953,O005407,P0070,Wrong Product Received,2025-09-15
R000954,O005412,P0185,Quality Not as Expected,2024-04-27
R000955,O005417,P0076,Size/Fit Issue,2025-02-01
R000956,O005427,P0180,Damaged Product,2024-11-17
R000957,O005429,P0215,Wrong Product Received,2024-02-15
R000958,O005434,P0046,Defective Product,2024-11-27
R000959,O005434,P0037,Wrong Product Received,2024-12-02
R000960,O005437,P0091,Size/Fit Issue,2024-05-17
R000961,O005439,P0115,Changed Mind,2025-12-16
R000962,O005463,P0118,Defective Product,2025-08-26
R000963,O005463,P0146,Late Delivery,2025-08-18
R000964,O005468,P0059,Changed Mind,2024-03-01
R000965,O005471,P0147,Defective Product,2024-08-15
R000966,O005475,P0062,Defective Product,2024-09-23
R000967,O005486,P0049,Defective Product,2024-04-22
R000968,O005498,P0204,Size/Fit Issue,2025-04-09
R000969,O005500,P0095,Late Delivery,2025-01-29
R000970,O005502,P0176,Quality Not as Expected,2024-07-17
R000971,O005523,P0047,Quality Not as Expected,2025-04-17
R000972,O005544,P0164,Defective Product,2025-10-22
R000973,O005547,P0193,Size/Fit Issue,2025-11-06
R000974,O005554,P0181,Size/Fit Issue,2025-11-09
R000975,O005555,P0004,Wrong Product Received,2025-06-21
R000976,O005572,P0181,Quality Not as Expected,2025-03-25
R000977,O005575,P0002,Changed Mind,2025-02-02
R000978,O005576,P0037,Defective Product,2024-08-17
R000979,O005577,P0056,Defective Product,2024-08-31
R000980,O005579,P0005,Changed Mind,2024-04-08
R000981,O005583,P0059,Late Delivery,2025-07-01
R000982,O005588,P0202,Quality Not as Expected,2025-10-10
R000983,O005597,P0054,Defective Product,2025-01-10
R000984,O005603,P0222,Quality Not as Expected,2024-09-20
R000985,O005616,P0114,Defective Product,2025-01-04
R000986,O005620,P0027,Changed Mind,2024-08-22
R000987,O005625,P0043,Defective Product,2025-11-04
R000988,O005631,P0191,Defective Product,2025-07-25
R000989,O005645,P0028,Size/Fit Issue,2025-07-26
R000990,O005650,P0234,Wrong Product Received,2025-09-22
R000991,O005654,P0017,Changed Mind,2025-12-31
R000992,O005655,P0120,Size/Fit Issue,2024-11-06
R000993,O005670,P0006,Size/Fit Issue,2025-09-23
R000994,O005671,P0211,Quality Not as Expected,2025-06-18
R000995,O005675,P0079,Quality Not as Expected,2025-07-25
R000996,O005684,P0137,Changed Mind,2024-03-11
R000997,O005689,P0220,Damaged Product,2024-05-18
R000998,O005703,P0096,Damaged Product,2026-01-01
R000999,O005707,P0234,Changed Mind,2024-04-06
R001000,O005708,P0220,Quality Not as Expected,2025-12-23
R001001,O005709,P0187,Changed Mind,2025-12-04
R001002,O005717,P0091,Quality Not as Expected,2024-02-23
R001003,O005723,P0138,Damaged Product,2025-11-11
R001004,O005726,P0228,Late Delivery,2024-12-21
R001005,O005735,P0140,Size/Fit Issue,2024-09-13
R001006,O005736,P0222,Wrong Product Received,2024-04-03
R001007,O005741,P0174,Late Delivery,2025-06-09
R001008,O005747,P0246,Defective Product,2025-02-11
R001009,O005769,P0035,Changed Mind,2025-10-11
R001010,O005774,P0152,Changed Mind,2025-09-02
R001011,O005780,P0012,Defective Product,2024-10-14
R001012,O005783,P0074,Size/Fit Issue,2025-08-14
R001013,O005799,P0097,Quality Not as Expected,2025-12-21
R001014,O005808,P0059,Changed Mind,2024-10-24
R001015,O005818,P0095,Quality Not as Expected,2024-04-25
R001016,O005824,P0038,Late Delivery,2024-10-02
R001017,O005825,P0111,Defective Product,2024-02-10
R001018,O005827,P0051,Defective Product,2025-10-09
R001019,O005829,P0234,Changed Mind,2025-12-26
R001020,O005831,P0196,Size/Fit Issue,2024-07-26
R001021,O005832,P0042,Quality Not as Expected,2024-11-13
R001022,O005834,P0192,Quality Not as Expected,2024-10-20
R001023,O005834,P0216,Quality Not as Expected,2024-10-14
R001024,O005837,P0207,Quality Not as Expected,2025-11-19
R001025,O005844,P0183,Late Delivery,2025-10-31
R001026,O005873,P0064,Changed Mind,2024-04-27
R001027,O005874,P0003,Late Delivery,2024-07-07
R001028,O005880,P0167,Wrong Product Received,2025-09-05
R001029,O005893,P0190,Changed Mind,2025-11-05
R001030,O005900,P0238,Damaged Product,2025-05-06
R001031,O005907,P0163,Size/Fit Issue,2025-01-09
R001032,O005914,P0047,Quality Not as Expected,2025-02-18
R001033,O005922,P0032,Damaged Product,2025-09-26
R001034,O005925,P0032,Size/Fit Issue,2024-07-18
R001035,O005927,P0177,Quality Not as Expected,2026-01-21
R001036,O005930,P0238,Defective Product,2025-09-20
R001037,O005961,P0167,Changed Mind,2024-10-16
R001038,O005961,P0223,Late Delivery,2024-11-03
R001039,O005965,P0211,Quality Not as Expected,2024-12-31
R001040,O005984,P0084,Changed Mind,2024-02-08
R001041,O005988,P0048,Changed Mind,2025-10-09
R001042,O005990,P0241,Late Delivery,2024-03-28
R001043,O005991,P0034,Defective Product,2024-03-11
R001044,O005992,P0065,Changed Mind,2024-04-19
R001045,O005999,P0016,Changed Mind,2025-04-25
R001046,O006001,P0233,Late Delivery,2025-12-10
R001047,O006009,P0245,Late Delivery,2024-05-03
R001048,O006010,P0001,Damaged Product,2025-06-19
R001049,O006011,P0019,Quality Not as Expected,2024-03-18
R001050,O006021,P0061,Defective Product,2024-10-25
R001051,O006024,P0027,Defective Product,2025-11-05
R001052,O006027,P0022,Quality Not as Expected,2025-07-30
R001053,O006030,P0145,Size/Fit Issue,2025-09-18
R001054,O006031,P0149,Size/Fit Issue,2025-03-25
R001055,O006035,P0156,Wrong Product Received,2024-07-19
R001056,O006044,P0018,Damaged Product,2024-03-05
R001057,O006055,P0101,Quality Not as Expected,2024-05-07
R001058,O006055,P0234,Defective Product,2024-04-25
R001059,O006059,P0247,Damaged Product,2024-08-29
R001060,O006068,P0199,Changed Mind,2024-04-23
R001061,O006072,P0183,Damaged Product,2024-12-22
R001062,O006081,P0174,Quality Not as Expected,2024-08-22
R001063,O006083,P0036,Late Delivery,2025-04-15
R001064,O006084,P0022,Damaged Product,2024-11-22
R001065,O006096,P0184,Defective Product,2024-11-17
R001066,O006105,P0190,Quality Not as Expected,2024-12-18
R001067,O006120,P0184,Size/Fit Issue,2024-09-28
R001068,O006124,P0131,Size/Fit Issue,2024-08-16
R001069,O006124,P0096,Wrong Product Received,2024-07-26
R001070,O006129,P0178,Damaged Product,2025-08-29
R001071,O006130,P0007,Changed Mind,2024-02-13
R001072,O006132,P0236,Size/Fit Issue,2025-08-07
R001073,O006137,P0152,Changed Mind,2024-12-09
R001074,O006147,P0095,Changed Mind,2024-11-12
R001075,O006147,P0181,Quality Not as Expected,2024-11-27
R001076,O006160,P0034,Wrong Product Received,2025-08-30
R001077,O006170,P0199,Wrong Product Received,2026-01-04
R001078,O006175,P0071,Late Delivery,2024-08-16
R001079,O006189,P0105,Late Delivery,2025-06-03
R001080,O006189,P0085,Changed Mind,2025-06-07
R001081,O006191,P0238,Quality Not as Expected,2025-09-14
R001082,O006196,P0228,Defective Product,2024-02-09
R001083,O006198,P0094,Late Delivery,2024-09-21
R001084,O006201,P0014,Quality Not as Expected,2024-09-13
R001085,O006210,P0095,Size/Fit Issue,2024-01-21
R001086,O006210,P0174,Size/Fit Issue,2024-02-05
R001087,O006216,P0059,Changed Mind,2025-11-08
R001088,O006219,P0013,Wrong Product Received,2024-12-01
R001089,O006227,P0234,Quality Not as Expected,2025-03-09
R001090,O006229,P0165,Defective Product,2024-03-18
R001091,O006238,P0160,Size/Fit Issue,2025-02-05
R001092,O006245,P0051,Wrong Product Received,2025-05-24
R001093,O006257,P0014,Size/Fit Issue,2025-03-30
R001094,O006259,P0023,Damaged Product,2024-02-19
R001095,O006277,P0087,Size/Fit Issue,2024-07-06
R001096,O006277,P0244,Late Delivery,2024-07-20
R001097,O006280,P0056,Defective Product,2024-03-21
R001098,O006281,P0189,Quality Not as Expected,2025-02-04
R001099,O006285,P0144,Defective Product,2024-03-13
R001100,O006293,P0186,Size/Fit Issue,2025-07-02
R001101,O006296,P0022,Late Delivery,2025-05-26
R001102,O006304,P0226,Damaged Product,2025-10-01
R001103,O006312,P0041,Changed Mind,2024-08-27
R001104,O006315,P0179,Size/Fit Issue,2024-05-22
R001105,O006320,P0094,Damaged Product,2024-05-22
R001106,O006328,P0142,Quality Not as Expected,2024-09-09
R001107,O006331,P0055,Size/Fit Issue,2025-09-23
R001108,O006337,P0216,Damaged Product,2024-10-13
R001109,O006344,P0248,Quality Not as Expected,2025-07-27
R001110,O006345,P0155,Defective Product,2024-05-26
R001111,O006353,P0085,Defective Product,2025-03-20
R001112,O006371,P0220,Defective Product,2025-02-28
R001113,O006371,P0180,Size/Fit Issue,2025-02-19
R001114,O006376,P0004,Changed Mind,2024-06-30
R001115,O006378,P0159,Size/Fit Issue,2025-03-26
R001116,O006384,P0052,Changed Mind,2025-09-21
R001117,O006385,P0185,Quality Not as Expected,2025-09-09
R001118,O006385,P0014,Changed Mind,2025-09-01
R001119,O006395,P0217,Defective Product,2025-07-29
R001120,O006397,P0006,Wrong Product Received,2024-11-26
R001121,O006404,P0122,Damaged Product,2025-12-21
R001122,O006404,P0079,Quality Not as Expected,2025-12-23
R001123,O006411,P0003,Quality Not as Expected,2025-09-16
R001124,O006424,P0238,Defective Product,2025-06-19
R001125,O006428,P0154,Wrong Product Received,2025-05-14
R001126,O006435,P0129,Changed Mind,2024-03-21
R001127,O006439,P0029,Size/Fit Issue,2024-05-22
R001128,O006441,P0044,Damaged Product,2025-01-21
R001129,O006442,P0050,Late Delivery,2025-05-13
R001130,O006443,P0045,Size/Fit Issue,2025-12-03
R001131,O006445,P0177,Late Delivery,2024-06-10
R001132,O006446,P0192,Changed Mind,2025-12-09
R001133,O006449,P0105,Late Delivery,2025-01-06
R001134,O006462,P0001,Defective Product,2024-04-28
R001135,O006465,P0171,Quality Not as Expected,2025-10-20
R001136,O006468,P0075,Size/Fit Issue,2025-07-03
R001137,O006471,P0209,Quality Not as Expected,2024-05-07
R001138,O006472,P0042,Size/Fit Issue,2025-02-27
R001139,O006478,P0202,Size/Fit Issue,2024-12-10
R001140,O006479,P0105,Late Delivery,2024-10-14
R001141,O006479,P0229,Defective Product,2024-10-07
R001142,O006482,P0156,Late Delivery,2025-06-30
R001143,O006483,P0022,Wrong Product Received,2025-04-01
R001144,O006483,P0120,Size/Fit Issue,2025-04-02
R001145,O006487,P0090,Changed Mind,2024-04-19
R001146,O006487,P0031,Wrong Product Received,2024-04-28
R001147,O006488,P0192,Size/Fit Issue,2024-10-16
R001148,O006489,P0170,Size/Fit Issue,2025-12-19
R001149,O006491,P0198,Size/Fit Issue,2025-12-28
R001150,O006497,P0234,Damaged Product,2025-07-30
R001151,O006509,P0200,Quality Not as Expected,2025-10-19
R001152,O006521,P0222,Quality Not as Expected,2025-12-22
R001153,O006525,P0144,Damaged Product,2024-03-30
R001154,O006534,P0236,Late Delivery,2025-01-07
R001155,O006536,P0227,Quality Not as Expected,2024-09-23
R001156,O006548,P0149,Changed Mind,2024-10-14
R001157,O006551,P0228,Late Delivery,2025-02-28
R001158,O006556,P0233,Quality Not as Expected,2025-11-11
R001159,O006565,P0238,Defective Product,2024-05-02
R001160,O006568,P0018,Damaged Product,2025-08-17
R001161,O006576,P0033,Quality Not as Expected,2025-12-04
R001162,O006577,P0009,Defective Product,2025-05-06
R001163,O006580,P0196,Quality Not as Expected,2024-09-30
R001164,O006608,P0145,Quality Not as Expected,2025-08-22
R001165,O006608,P0057,Quality Not as Expected,2025-09-01
R001166,O006610,P0014,Size/Fit Issue,2024-02-17
R001167,O006618,P0029,Damaged Product,2024-06-29
R001168,O006623,P0070,Wrong Product Received,2024-02-09
R001169,O006632,P0099,Quality Not as Expected,2024-04-18
R001170,O006642,P0019,Quality Not as Expected,2024-04-19
R001171,O006647,P0237,Changed Mind,2024-08-19
R001172,O006649,P0107,Late Delivery,2025-11-14
R001173,O006655,P0041,Wrong Product Received,2024-10-09
R001174,O006662,P0186,Size/Fit Issue,2024-03-26
R001175,O006664,P0246,Defective Product,2024-05-10
R001176,O006666,P0016,Wrong Product Received,2024-10-12
R001177,O006680,P0133,Size/Fit Issue,2024-02-15
R001178,O006681,P0170,Wrong Product Received,2024-12-08
R001179,O006691,P0232,Damaged Product,2025-06-06
R001180,O006705,P0031,Size/Fit Issue,2025-07-02
R001181,O006709,P0077,Defective Product,2024-05-07
R001182,O006721,P0136,Quality Not as Expected,2025-02-10
R001183,O006726,P0006,Late Delivery,2024-01-23
R001184,O006732,P0237,Wrong Product Received,2024-07-01
R001185,O006746,P0057,Wrong Product Received,2025-01-19
R001186,O006747,P0055,Wrong Product Received,2025-03-07
R001187,O006751,P0175,Late Delivery,2024-09-11
R001188,O006760,P0144,Defective Product,2025-05-20
R001189,O006765,P0175,Defective Product,2025-01-27
R001190,O006778,P0173,Damaged Product,2024-07-16
R001191,O006780,P0142,Quality Not as Expected,2024-12-09
R001192,O006788,P0176,Wrong Product Received,2025-07-13
R001193,O006791,P0120,Quality Not as Expected,2024-04-29
R001194,O006792,P0116,Defective Product,2025-09-14
R001195,O006806,P0185,Size/Fit Issue,2025-02-28
R001196,O006807,P0186,Size/Fit Issue,2024-06-23
R001197,O006818,P0218,Damaged Product,2024-09-06
R001198,O006829,P0196,Quality Not as Expected,2025-01-28
R001199,O006831,P0004,Defective Product,2024-07-05
R001200,O006833,P0051,Damaged Product,2025-05-14
R001201,O006837,P0171,Late Delivery,2025-01-09
R001202,O006838,P0133,Quality Not as Expected,2024-11-23
R001203,O006841,P0060,Wrong Product Received,2025-11-26
R001204,O006841,P0074,Defective Product,2025-11-26
R001205,O006848,P0113,Size/Fit Issue,2025-05-14
R001206,O006848,P0109,Size/Fit Issue,2025-05-14
R001207,O006850,P0126,Wrong Product Received,2024-09-29
R001208,O006852,P0088,Damaged Product,2025-04-17
R001209,O006856,P0153,Late Delivery,2024-01-25
R001210,O006859,P0160,Wrong Product Received,2024-03-30
R001211,O006863,P0161,Wrong Product Received,2026-01-06
R001212,O006874,P0235,Damaged Product,2025-03-05
R001213,O006874,P0003,Changed Mind,2025-03-19
R001214,O006878,P0095,Size/Fit Issue,2025-03-21
R001215,O006879,P0048,Late Delivery,2024-11-23
R001216,O006884,P0194,Wrong Product Received,2025-10-13
R001217,O006887,P0181,Changed Mind,2024-11-13
R001218,O006892,P0203,Late Delivery,2025-08-15
R001219,O006901,P0103,Wrong Product Received,2025-02-02
R001220,O006905,P0180,Size/Fit Issue,2024-03-03
R001221,O006907,P0121,Late Delivery,2024-08-21
R001222,O006909,P0137,Size/Fit Issue,2024-02-05
R001223,O006911,P0051,Size/Fit Issue,2025-05-24
R001224,O006917,P0171,Late Delivery,2025-08-21
R001225,O006924,P0131,Size/Fit Issue,2024-05-04
R001226,O006954,P0019,Size/Fit Issue,2025-04-24
R001227,O006955,P0245,Quality Not as Expected,2025-11-16
R001228,O006970,P0042,Damaged Product,2025-04-22
R001229,O006971,P0205,Changed Mind,2025-01-14
R001230,O006972,P0195,Size/Fit Issue,2024-11-18
R001231,O006981,P0137,Size/Fit Issue,2024-09-06
R001232,O006981,P0104,Wrong Product Received,2024-08-16
R001233,O007000,P0185,Late Delivery,2024-01-30
R001234,O007001,P0080,Changed Mind,2024-12-03
R001235,O007007,P0174,Changed Mind,2025-03-27
R001236,O007014,P0224,Quality Not as Expected,2025-05-07
R001237,O007015,P0152,Size/Fit Issue,2024-03-16
R001238,O007020,P0206,Damaged Product,2025-11-27
R001239,O007039,P0053,Damaged Product,2024-07-26
R001240,O007040,P0022,Late Delivery,2024-11-27
R001241,O007048,P0249,Damaged Product,2025-06-29
R001242,O007054,P0096,Damaged Product,2024-08-06
R001243,O007066,P0039,Quality Not as Expected,2024-09-23
R001244,O007090,P0145,Changed Mind,2024-06-26
R001245,O007092,P0140,Quality Not as Expected,2025-11-27
R001246,O007094,P0098,Damaged Product,2024-02-06
R001247,O007097,P0027,Changed Mind,2025-02-14
R001248,O007099,P0161,Size/Fit Issue,2025-05-27
R001249,O007101,P0090,Size/Fit Issue,2025-03-06
R001250,O007102,P0014,Late Delivery,2025-02-03
R001251,O007113,P0238,Changed Mind,2024-08-20
R001252,O007114,P0228,Defective Product,2025-08-10
R001253,O007120,P0235,Changed Mind,2024-09-19
R001254,O007122,P0120,Size/Fit Issue,2025-12-01
R001255,O007124,P0214,Quality Not as Expected,2025-04-03
R001256,O007126,P0201,Late Delivery,2024-05-31
R001257,O007131,P0203,Damaged Product,2024-07-01
R001258,O007136,P0249,Late Delivery,2025-02-24
R001259,O007142,P0019,Size/Fit Issue,2026-01-05
R001260,O007149,P0187,Wrong Product Received,2024-05-13
R001261,O007149,P0215,Changed Mind,2024-04-30
R001262,O007152,P0074,Size/Fit Issue,2025-07-17
R001263,O007160,P0095,Size/Fit Issue,2025-01-11
R001264,O007161,P0014,Late Delivery,2024-03-22
R001265,O007183,P0059,Size/Fit Issue,2024-07-10
R001266,O007194,P0021,Defective Product,2024-12-14
R001267,O007194,P0121,Quality Not as Expected,2024-12-19
R001268,O007195,P0055,Size/Fit Issue,2025-04-03
R001269,O007199,P0131,Size/Fit Issue,2025-05-08
R001270,O007203,P0036,Changed Mind,2024-07-30
R001271,O007210,P0210,Wrong Product Received,2025-04-26
R001272,O007217,P0240,Changed Mind,2024-07-30
R001273,O007232,P0076,Defective Product,2025-04-22
R001274,O007250,P0109,Changed Mind,2025-05-21
R001275,O007253,P0149,Quality Not as Expected,2024-05-15
R001276,O007255,P0083,Late Delivery,2025-11-16
R001277,O007260,P0141,Defective Product,2024-03-07
R001278,O007262,P0120,Late Delivery,2025-03-03
R001279,O007265,P0193,Size/Fit Issue,2024-12-26
R001280,O007269,P0102,Damaged Product,2024-09-07
R001281,O007271,P0014,Changed Mind,2025-09-01
R001282,O007271,P0190,Size/Fit Issue,2025-08-22
R001283,O007283,P0180,Size/Fit Issue,2025-10-23
R001284,O007283,P0058,Late Delivery,2025-11-03
R001285,O007284,P0041,Late Delivery,2025-02-28
R001286,O007289,P0013,Late Delivery,2025-04-19
R001287,O007299,P0122,Late Delivery,2024-12-11
R001288,O007300,P0055,Size/Fit Issue,2025-04-09
R001289,O007301,P0211,Quality Not as Expected,2024-12-23
R001290,O007301,P0105,Quality Not as Expected,2024-12-13
R001291,O007301,P0178,Defective Product,2024-12-23
R001292,O007307,P0192,Size/Fit Issue,2024-04-26
R001293,O007307,P0012,Changed Mind,2024-04-24
R001294,O007309,P0092,Wrong Product Received,2025-12-27
R001295,O007311,P0128,Wrong Product Received,2025-06-06
R001296,O007315,P0004,Changed Mind,2025-11-12
R001297,O007315,P0066,Size/Fit Issue,2025-11-08
R001298,O007319,P0023,Damaged Product,2025-09-03
R001299,O007320,P0245,Size/Fit Issue,2025-06-28
R001300,O007325,P0019,Damaged Product,2025-05-24
R001301,O007325,P0211,Defective Product,2025-05-23
R001302,O007338,P0181,Damaged Product,2024-12-29
R001303,O007340,P0075,Size/Fit Issue,2025-03-14
R001304,O007348,P0223,Changed Mind,2024-11-09
R001305,O007362,P0073,Quality Not as Expected,2024-03-03
R001306,O007366,P0102,Changed Mind,2024-08-14
R001307,O007372,P0223,Defective Product,2025-11-15
R001308,O007415,P0014,Size/Fit Issue,2025-03-13
R001309,O007417,P0017,Defective Product,2025-11-08
R001310,O007419,P0051,Changed Mind,2025-06-18
R001311,O007425,P0200,Damaged Product,2025-06-29
R001312,O007430,P0028,Defective Product,2025-07-29
R001313,O007431,P0022,Defective Product,2024-06-02
R001314,O007457,P0014,Size/Fit Issue,2024-08-26
R001315,O007462,P0038,Defective Product,2024-12-12
R001316,O007493,P0214,Quality Not as Expected,2025-05-21
R001317,O007500,P0079,Late Delivery,2025-05-22
R001318,O007523,P0113,Changed Mind,2024-06-11
R001319,O007531,P0099,Damaged Product,2024-06-09
R001320,O007544,P0109,Size/Fit Issue,2025-04-17
R001321,O007545,P0185,Size/Fit Issue,2024-10-20
R001322,O007547,P0200,Size/Fit Issue,2025-09-10
R001323,O007557,P0191,Defective Product,2025-11-05
R001324,O007557,P0250,Damaged Product,2025-10-31
R001325,O007577,P0234,Damaged Product,2025-10-28
R001326,O007584,P0238,Quality Not as Expected,2024-06-21
R001327,O007588,P0230,Defective Product,2024-08-12
R001328,O007600,P0083,Damaged Product,2024-09-28
R001329,O007601,P0159,Damaged Product,2024-11-08
R001330,O007602,P0016,Changed Mind,2025-03-29
R001331,O007608,P0081,Quality Not as Expected,2024-09-21
R001332,O007608,P0005,Damaged Product,2024-09-11
R001333,O007609,P0224,Damaged Product,2025-07-06
R001334,O007614,P0087,Late Delivery,2025-12-27
R001335,O007615,P0115,Defective Product,2024-01-26
R001336,O007619,P0033,Defective Product,2024-09-26
R001337,O007620,P0124,Late Delivery,2024-10-05
R001338,O007630,P0245,Changed Mind,2025-03-23
R001339,O007631,P0156,Late Delivery,2024-06-13
R001340,O007633,P0248,Quality Not as Expected,2024-02-15
R001341,O007643,P0037,Late Delivery,2024-11-21
R001342,O007644,P0223,Late Delivery,2025-01-19
R001343,O007648,P0135,Changed Mind,2025-08-12
R001344,O007649,P0099,Quality Not as Expected,2024-10-23
R001345,O007649,P0046,Damaged Product,2024-11-06
R001346,O007649,P0148,Late Delivery,2024-10-22
R001347,O007652,P0006,Quality Not as Expected,2025-02-02
R001348,O007654,P0038,Damaged Product,2024-11-17
R001349,O007667,P0099,Changed Mind,2024-12-01
R001350,O007670,P0129,Damaged Product,2025-03-31
R001351,O007682,P0210,Quality Not as Expected,2025-03-03
R001352,O007682,P0237,Damaged Product,2025-02-25
R001353,O007697,P0042,Size/Fit Issue,2025-09-28
R001354,O007700,P0212,Size/Fit Issue,2024-11-24
R001355,O007707,P0010,Changed Mind,2025-11-23
R001356,O007708,P0247,Changed Mind,2024-05-19
R001357,O007714,P0158,Late Delivery,2025-11-13
R001358,O007714,P0086,Defective Product,2025-11-25
R001359,O007725,P0131,Damaged Product,2024-11-16
R001360,O007744,P0189,Changed Mind,2024-07-14
R001361,O007747,P0193,Wrong Product Received,2024-03-22
R001362,O007748,P0245,Size/Fit Issue,2024-11-19
R001363,O007759,P0143,Defective Product,2025-10-28
R001364,O007764,P0192,Changed Mind,2025-04-22
R001365,O007774,P0091,Size/Fit Issue,2024-06-29
R001366,O007776,P0238,Defective Product,2025-05-07
R001367,O007785,P0087,Late Delivery,2024-01-10
R001368,O007791,P0071,Defective Product,2024-03-16
R001369,O007796,P0080,Quality Not as Expected,2024-06-05
R001370,O007800,P0180,Damaged Product,2024-12-19
R001371,O007816,P0215,Defective Product,2024-12-19
R001372,O007824,P0229,Quality Not as Expected,2025-01-08
R001373,O007827,P0217,Damaged Product,2024-10-02
R001374,O007831,P0076,Size/Fit Issue,2025-05-31
R001375,O007837,P0101,Wrong Product Received,2024-05-19
R001376,O007838,P0074,Quality Not as Expected,2024-10-03
R001377,O007840,P0171,Quality Not as Expected,2025-04-03
R001378,O007848,P0216,Damaged Product,2025-07-03
R001379,O007859,P0171,Quality Not as Expected,2025-05-06
R001380,O007863,P0185,Size/Fit Issue,2024-12-25
R001381,O007863,P0186,Quality Not as Expected,2025-01-11
R001382,O007866,P0102,Defective Product,2025-09-08
R001383,O007873,P0147,Quality Not as Expected,2024-04-13
R001384,O007889,P0061,Changed Mind,2024-07-30
R001385,O007890,P0051,Wrong Product Received,2024-06-26
R001386,O007908,P0194,Changed Mind,2025-12-08
R001387,O007908,P0166,Defective Product,2025-12-03
R001388,O007910,P0211,Quality Not as Expected,2025-07-01
R001389,O007913,P0099,Changed Mind,2024-12-14
R001390,O007916,P0020,Changed Mind,2024-08-21
R001391,O007918,P0148,Wrong Product Received,2025-10-08
R001392,O007919,P0006,Changed Mind,2024-02-14
R001393,O007943,P0104,Damaged Product,2025-03-05
R001394,O007953,P0045,Size/Fit Issue,2024-10-12
R001395,O007958,P0170,Damaged Product,2026-01-01
R001396,O007959,P0199,Damaged Product,2025-10-20
R001397,O007967,P0062,Late Delivery,2025-01-17
R001398,O007983,P0131,Size/Fit Issue,2024-03-07
R001399,O007986,P0027,Late Delivery,2025-05-24
R001400,O007996,P0055,Size/Fit Issue,2025-06-02
R001401,O008018,P0042,Size/Fit Issue,2024-11-13
R001402,O008021,P0146,Late Delivery,2024-07-06
R001403,O008026,P0014,Wrong Product Received,2025-08-21
R001404,O008033,P0210,Changed Mind,2024-02-18
R001405,O008034,P0185,Quality Not as Expected,2025-05-07
R001406,O008038,P0066,Damaged Product,2025-06-26
R001407,O008039,P0021,Defective Product,2024-08-13
R001408,O008047,P0234,Quality Not as Expected,2025-06-21
R001409,O008050,P0083,Damaged Product,2024-08-17
R001410,O008053,P0178,Damaged Product,2025-09-26
R001411,O008060,P0009,Defective Product,2025-07-30
R001412,O008073,P0034,Changed Mind,2025-05-27
R001413,O008074,P0016,Quality Not as Expected,2025-04-15
R001414,O008077,P0225,Changed Mind,2024-11-28
R001415,O008084,P0170,Changed Mind,2024-10-02
R001416,O008086,P0013,Wrong Product Received,2025-10-03
R001417,O008096,P0142,Damaged Product,2024-06-08
R001418,O008099,P0226,Changed Mind,2024-07-28
R001419,O008104,P0077,Defective Product,2025-04-04
R001420,O008108,P0097,Quality Not as Expected,2025-04-07
R001421,O008109,P0109,Size/Fit Issue,2024-10-07
R001422,O008112,P0066,Quality Not as Expected,2025-08-18
R001423,O008123,P0051,Defective Product,2024-05-10
R001424,O008159,P0072,Defective Product,2025-09-20
R001425,O008163,P0099,Changed Mind,2024-12-03
R001426,O008180,P0205,Late Delivery,2025-09-11
R001427,O008204,P0133,Late Delivery,2025-03-07
R001428,O008215,P0226,Quality Not as Expected,2025-04-04
R001429,O008217,P0171,Defective Product,2024-11-24
R001430,O008221,P0091,Changed Mind,2025-05-20
R001431,O008227,P0137,Damaged Product,2025-05-19
R001432,O008234,P0065,Changed Mind,2024-01-24
R001433,O008235,P0238,Defective Product,2024-10-06
R001434,O008264,P0006,Size/Fit Issue,2024-06-10
R001435,O008265,P0014,Damaged Product,2025-01-12
R001436,O008271,P0180,Size/Fit Issue,2024-04-22
R001437,O008272,P0051,Defective Product,2024-08-27
R001438,O008277,P0056,Damaged Product,2025-04-12
R001439,O008283,P0183,Wrong Product Received,2024-12-19
R001440,O008294,P0012,Defective Product,2024-10-02
R001441,O008311,P0140,Quality Not as Expected,2025-01-04
R001442,O008314,P0095,Size/Fit Issue,2024-03-06
R001443,O008319,P0178,Defective Product,2025-07-21
R001444,O008322,P0128,Late Delivery,2025-07-17
R001445,O008332,P0053,Defective Product,2025-08-04
R001446,O008334,P0191,Wrong Product Received,2024-09-05
R001447,O008336,P0122,Size/Fit Issue,2024-11-20
R001448,O008344,P0162,Damaged Product,2025-07-13
R001449,O008349,P0101,Late Delivery,2024-12-20
R001450,O008349,P0065,Size/Fit Issue,2024-12-21
R001451,O008367,P0107,Changed Mind,2025-06-09
R001452,O008369,P0087,Quality Not as Expected,2024-05-07
R001453,O008370,P0194,Damaged Product,2026-01-02
R001454,O008376,P0132,Quality Not as Expected,2024-04-09
R001455,O008380,P0226,Size/Fit Issue,2024-03-22
R001456,O008418,P0069,Damaged Product,2025-04-04
R001457,O008418,P0195,Size/Fit Issue,2025-04-14
R001458,O008427,P0145,Size/Fit Issue,2025-08-10
R001459,O008427,P0077,Damaged Product,2025-08-07
R001460,O008443,P0019,Size/Fit Issue,2024-09-19
R001461,O008445,P0044,Damaged Product,2025-04-07
R001462,O008446,P0095,Defective Product,2024-02-05
R001463,O008451,P0051,Damaged Product,2025-08-05
R001464,O008452,P0233,Damaged Product,2025-11-18
R001465,O008456,P0051,Quality Not as Expected,2025-05-13
R001466,O008463,P0099,Size/Fit Issue,2025-11-14
R001467,O008468,P0132,Late Delivery,2024-10-27
R001468,O008484,P0189,Late Delivery,2024-09-30
R001469,O008487,P0213,Size/Fit Issue,2024-07-03
R001470,O008504,P0149,Changed Mind,2025-12-15
R001471,O008514,P0168,Size/Fit Issue,2024-07-05
R001472,O008524,P0185,Late Delivery,2025-02-24
R001473,O008525,P0119,Quality Not as Expected,2024-03-21
R001474,O008544,P0196,Changed Mind,2024-06-02
R001475,O008559,P0207,Quality Not as Expected,2024-08-11
R001476,O008560,P0149,Size/Fit Issue,2024-03-24
R001477,O008574,P0201,Late Delivery,2024-06-29
R001478,O008576,P0165,Defective Product,2025-04-11
R001479,O008581,P0102,Size/Fit Issue,2024-03-27
R001480,O008584,P0099,Size/Fit Issue,2025-09-17
R001481,O008591,P0095,Damaged Product,2025-01-09
R001482,O008591,P0250,Damaged Product,2025-01-16
R001483,O008600,P0193,Size/Fit Issue,2024-07-12
R001484,O008601,P0147,Defective Product,2025-04-23
R001485,O008617,P0197,Defective Product,2025-04-24
R001486,O008621,P0137,Size/Fit Issue,2025-09-03
R001487,O008622,P0009,Damaged Product,2025-01-08
R001488,O008624,P0004,Size/Fit Issue,2024-08-08
R001489,O008645,P0075,Size/Fit Issue,2025-06-16
R001490,O008647,P0180,Size/Fit Issue,2025-02-05
R001491,O008649,P0218,Late Delivery,2025-05-13
R001492,O008653,P0141,Quality Not as Expected,2024-05-26
R001493,O008659,P0030,Damaged Product,2025-01-12
R001494,O008661,P0099,Late Delivery,2024-05-15
R001495,O008675,P0056,Damaged Product,2025-03-18
R001496,O008681,P0203,Quality Not as Expected,2025-08-26
R001497,O008690,P0065,Quality Not as Expected,2025-01-04
R001498,O008690,P0215,Late Delivery,2025-01-15
R001499,O008696,P0059,Size/Fit Issue,2024-06-30
R001500,O008696,P0090,Damaged Product,2024-06-29
R001501,O008700,P0101,Changed Mind,2024-09-17
R001502,O008709,P0203,Wrong Product Received,2025-05-13
R001503,O008711,P0124,Damaged Product,2024-05-26
R001504,O008715,P0140,Changed Mind,2025-05-27
R001505,O008719,P0027,Damaged Product,2025-09-07
R001506,O008727,P0140,Quality Not as Expected,2025-11-24
R001507,O008729,P0167,Quality Not as Expected,2024-09-20
R001508,O008729,P0178,Defective Product,2024-08-30
R001509,O008743,P0102,Wrong Product Received,2024-11-15
R001510,O008747,P0136,Quality Not as Expected,2025-08-28
R001511,O008749,P0204,Wrong Product Received,2024-03-02
R001512,O008749,P0205,Changed Mind,2024-03-09
R001513,O008759,P0114,Changed Mind,2025-10-15
R001514,O008762,P0156,Late Delivery,2024-06-19
R001515,O008762,P0166,Changed Mind,2024-06-30
R001516,O008770,P0171,Defective Product,2024-09-11
R001517,O008771,P0141,Damaged Product,2024-12-04
R001518,O008773,P0187,Defective Product,2024-11-08
R001519,O008775,P0090,Quality Not as Expected,2025-04-02
R001520,O008786,P0168,Late Delivery,2024-04-10
R001521,O008789,P0128,Defective Product,2024-05-25
R001522,O008792,P0097,Defective Product,2025-01-20
R001523,O008797,P0142,Late Delivery,2025-09-22
R001524,O008797,P0167,Size/Fit Issue,2025-09-15
R001525,O008798,P0181,Damaged Product,2025-06-16
R001526,O008808,P0120,Size/Fit Issue,2024-11-15
R001527,O008830,P0190,Defective Product,2025-10-11
R001528,O008833,P0215,Changed Mind,2024-05-26
R001529,O008838,P0101,Damaged Product,2025-03-17
R001530,O008845,P0238,Quality Not as Expected,2025-08-30
R001531,O008848,P0201,Wrong Product Received,2025-03-25
R001532,O008857,P0171,Damaged Product,2024-03-15
R001533,O008859,P0047,Quality Not as Expected,2025-09-29
R001534,O008868,P0065,Size/Fit Issue,2024-12-15
R001535,O008875,P0165,Quality Not as Expected,2024-07-17
R001536,O008884,P0161,Changed Mind,2025-04-18
R001537,O008898,P0165,Defective Product,2025-10-18
R001538,O008903,P0072,Late Delivery,2024-10-27
R001539,O008908,P0177,Quality Not as Expected,2025-02-17
R001540,O008912,P0114,Quality Not as Expected,2025-09-29
R001541,O008921,P0062,Wrong Product Received,2024-03-15
R001542,O008925,P0160,Damaged Product,2025-09-02
R001543,O008929,P0031,Late Delivery,2025-09-17
R001544,O008933,P0152,Defective Product,2024-04-02
R001545,O008933,P0053,Late Delivery,2024-03-23
R001546,O008939,P0123,Late Delivery,2024-06-03
R001547,O008941,P0040,Changed Mind,2024-03-15
R001548,O008944,P0043,Defective Product,2024-12-26
R001549,O008946,P0139,Late Delivery,2024-08-11
R001550,O008956,P0224,Damaged Product,2024-05-31
R001551,O008962,P0160,Defective Product,2025-09-20
R001552,O008978,P0149,Quality Not as Expected,2024-07-22
R001553,O008984,P0026,Damaged Product,2024-07-08
R001554,O008986,P0194,Quality Not as Expected,2025-06-28
R001555,O008993,P0055,Size/Fit Issue,2024-07-02
R001556,O008996,P0063,Wrong Product Received,2025-04-20
R001557,O008999,P0118,Late Delivery,2025-12-19
R001558,O009010,P0041,Changed Mind,2024-06-09
R001559,O009014,P0211,Defective Product,2025-04-29
R001560,O009035,P0149,Late Delivery,2026-01-10
R001561,O009035,P0087,Defective Product,2026-01-23
R001562,O009042,P0124,Quality Not as Expected,2025-12-02
R001563,O009043,P0033,Wrong Product Received,2025-12-25
R001564,O009044,P0090,Size/Fit Issue,2024-12-24
R001565,O009048,P0082,Size/Fit Issue,2024-02-02
R001566,O009054,P0132,Late Delivery,2024-07-10
R001567,O009079,P0190,Size/Fit Issue,2025-02-13
R001568,O009084,P0170,Size/Fit Issue,2024-09-11
R001569,O009089,P0098,Wrong Product Received,2025-09-23
R001570,O009093,P0178,Defective Product,2024-08-14
R001571,O009093,P0216,Late Delivery,2024-08-11
R001572,O009106,P0066,Damaged Product,2024-10-29
R001573,O009107,P0141,Damaged Product,2024-09-24
R001574,O009124,P0006,Quality Not as Expected,2024-08-05
R001575,O009127,P0201,Wrong Product Received,2025-12-12
R001576,O009130,P0140,Late Delivery,2024-04-28
R001577,O009133,P0246,Damaged Product,2024-05-31
R001578,O009134,P0145,Quality Not as Expected,2025-03-28
R001579,O009145,P0047,Late Delivery,2025-04-30
R001580,O009147,P0118,Defective Product,2024-06-18
R001581,O009156,P0041,Size/Fit Issue,2024-05-31
R001582,O009168,P0065,Quality Not as Expected,2024-11-04
R001583,O009184,P0245,Late Delivery,2025-05-27
R001584,O009206,P0210,Defective Product,2024-05-26
R001585,O009210,P0113,Size/Fit Issue,2024-10-05
R001586,O009219,P0083,Wrong Product Received,2024-11-21
R001587,O009227,P0137,Quality Not as Expected,2025-10-15
R001588,O009228,P0180,Size/Fit Issue,2025-05-21
R001589,O009240,P0052,Late Delivery,2024-10-24
R001590,O009241,P0081,Wrong Product Received,2025-05-03
R001591,O009246,P0186,Size/Fit Issue,2025-02-06
R001592,O009251,P0249,Late Delivery,2024-06-04
R001593,O009261,P0248,Size/Fit Issue,2025-08-28
R001594,O009274,P0196,Size/Fit Issue,2025-06-15
R001595,O009284,P0065,Size/Fit Issue,2025-12-03
R001596,O009317,P0097,Defective Product,2024-09-28
R001597,O009317,P0041,Size/Fit Issue,2024-10-04
R001598,O009320,P0060,Quality Not as Expected,2025-02-01
R001599,O009335,P0163,Late Delivery,2025-03-23
R001600,O009344,P0029,Damaged Product,2024-10-19
R001601,O009345,P0056,Wrong Product Received,2024-10-12
R001602,O009349,P0152,Changed Mind,2024-10-01
R001603,O009354,P0038,Damaged Product,2025-03-20
R001604,O009355,P0200,Quality Not as Expected,2024-12-30
R001605,O009362,P0152,Wrong Product Received,2025-02-18
R001606,O009378,P0185,Quality Not as Expected,2025-03-29
R001607,O009387,P0200,Size/Fit Issue,2025-03-25
R001608,O009392,P0217,Size/Fit Issue,2024-06-08
R001609,O009396,P0248,Quality Not as Expected,2025-03-01
R001610,O009402,P0181,Quality Not as Expected,2025-09-24
R001611,O009404,P0136,Wrong Product Received,2024-06-08
R001612,O009405,P0101,Defective Product,2025-08-08
R001613,O009407,P0226,Wrong Product Received,2024-10-30
R001614,O009408,P0055,Wrong Product Received,2025-03-05
R001615,O009413,P0184,Size/Fit Issue,2025-11-19
R001616,O009415,P0088,Defective Product,2025-02-17
R001617,O009416,P0094,Quality Not as Expected,2024-03-07
R001618,O009421,P0018,Quality Not as Expected,2024-07-16
R001619,O009424,P0250,Wrong Product Received,2024-05-25
R001620,O009441,P0040,Wrong Product Received,2025-05-12
R001621,O009443,P0124,Defective Product,2025-11-24
R001622,O009446,P0211,Defective Product,2024-02-10
R001623,O009457,P0082,Damaged Product,2024-05-07
R001624,O009463,P0146,Quality Not as Expected,2024-07-30
R001625,O009464,P0177,Defective Product,2025-07-19
R001626,O009465,P0127,Late Delivery,2025-03-15
R001627,O009466,P0152,Late Delivery,2025-06-28
R001628,O009476,P0026,Wrong Product Received,2024-11-30
R001629,O009476,P0093,Damaged Product,2024-11-25
R001630,O009480,P0038,Defective Product,2025-10-10
R001631,O009497,P0002,Quality Not as Expected,2024-07-01
R001632,O009504,P0197,Wrong Product Received,2025-08-17
R001633,O009507,P0195,Size/Fit Issue,2024-05-18
R001634,O009510,P0137,Size/Fit Issue,2024-05-20
R001635,O009513,P0248,Size/Fit Issue,2025-09-05
R001636,O009516,P0192,Size/Fit Issue,2025-05-19
R001637,O009521,P0213,Changed Mind,2024-04-07
R001638,O009536,P0233,Damaged Product,2024-05-03
R001639,O009541,P0154,Size/Fit Issue,2025-08-04
R001640,O009552,P0104,Late Delivery,2025-01-17
R001641,O009559,P0089,Wrong Product Received,2025-11-11
R001642,O009560,P0241,Size/Fit Issue,2025-09-15
R001643,O009570,P0066,Quality Not as Expected,2025-04-26
R001644,O009583,P0034,Quality Not as Expected,2025-06-02
R001645,O009585,P0155,Changed Mind,2025-11-30
R001646,O009586,P0138,Quality Not as Expected,2025-09-05
R001647,O009593,P0069,Late Delivery,2024-07-28
R001648,O009601,P0152,Damaged Product,2024-10-21
R001649,O009605,P0095,Size/Fit Issue,2025-07-11
R001650,O009608,P0091,Damaged Product,2024-08-02
R001651,O009610,P0015,Wrong Product Received,2025-02-17
R001652,O009618,P0095,Defective Product,2025-10-15
R001653,O009620,P0051,Size/Fit Issue,2025-02-12
R001654,O009624,P0222,Damaged Product,2025-03-29
R001655,O009636,P0233,Damaged Product,2025-10-26
R001656,O009642,P0074,Quality Not as Expected,2024-04-30
R001657,O009660,P0145,Size/Fit Issue,2024-12-26
R001658,O009660,P0027,Late Delivery,2024-12-11
R001659,O009661,P0179,Damaged Product,2025-11-14
R001660,O009662,P0170,Size/Fit Issue,2025-01-22
R001661,O009663,P0196,Size/Fit Issue,2025-04-14
R001662,O009663,P0131,Size/Fit Issue,2025-04-19
R001663,O009666,P0171,Defective Product,2024-02-18
R001664,O009692,P0174,Size/Fit Issue,2025-12-10
R001665,O009702,P0189,Late Delivery,2025-09-06
R001666,O009712,P0077,Damaged Product,2024-06-24
R001667,O009720,P0121,Damaged Product,2024-12-06
R001668,O009721,P0108,Changed Mind,2025-08-19
R001669,O009730,P0181,Changed Mind,2024-10-07
R001670,O009737,P0067,Late Delivery,2024-07-25
R001671,O009751,P0066,Size/Fit Issue,2024-06-12
R001672,O009757,P0190,Changed Mind,2025-07-08
R001673,O009767,P0137,Late Delivery,2024-06-07
R001674,O009769,P0131,Size/Fit Issue,2024-01-17
R001675,O009772,P0179,Size/Fit Issue,2025-04-14
R001676,O009776,P0200,Size/Fit Issue,2025-07-05
R001677,O009786,P0183,Damaged Product,2025-07-06
R001678,O009787,P0143,Damaged Product,2024-03-10
R001679,O009791,P0006,Late Delivery,2025-07-29
R001680,O009796,P0098,Defective Product,2024-11-30
R001681,O009796,P0041,Size/Fit Issue,2024-11-16
R001682,O009802,P0200,Wrong Product Received,2025-02-27
R001683,O009802,P0147,Damaged Product,2025-02-25
R001684,O009805,P0147,Defective Product,2024-04-25
R001685,O009809,P0195,Quality Not as Expected,2025-10-31
R001686,O009813,P0096,Late Delivery,2025-11-29
R001687,O009814,P0048,Late Delivery,2025-10-11
R001688,O009824,P0190,Changed Mind,2024-08-08
R001689,O009840,P0193,Changed Mind,2025-10-05
R001690,O009842,P0042,Quality Not as Expected,2024-04-30
R001691,O009849,P0152,Wrong Product Received,2025-01-13
R001692,O009850,P0027,Late Delivery,2025-10-25
R001693,O009867,P0141,Size/Fit Issue,2024-11-14
R001694,O009881,P0163,Wrong Product Received,2026-01-03
R001695,O009889,P0085,Quality Not as Expected,2024-09-30
R001696,O009894,P0003,Damaged Product,2025-09-17
R001697,O009909,P0227,Changed Mind,2025-05-04
R001698,O009909,P0039,Quality Not as Expected,2025-05-07
R001699,O009910,P0167,Damaged Product,2024-07-05
R001700,O009913,P0051,Late Delivery,2025-07-24
R001701,O009920,P0144,Quality Not as Expected,2024-08-16
R001702,O009924,P0023,Damaged Product,2025-01-09
R001703,O009924,P0006,Changed Mind,2025-01-12
R001704,O009926,P0096,Late Delivery,2025-01-01
R001705,O009930,P0179,Defective Product,2024-03-06
R001706,O009938,P0069,Changed Mind,2025-12-01
R001707,O009940,P0071,Quality Not as Expected,2025-01-29
R001708,O009955,P0143,Damaged Product,2025-07-28
R001709,O009955,P0169,Size/Fit Issue,2025-07-23
R001710,O009960,P0027,Damaged Product,2025-09-06
R001711,O009961,P0051,Size/Fit Issue,2024-04-19
R001712,O009963,P0040,Quality Not as Expected,2024-07-08
R001713,O009965,P0022,Defective Product,2025-01-03
R001714,O009965,P0248,Size/Fit Issue,2025-01-09
R001715,O009967,P0107,Changed Mind,2025-03-20
R001716,O009967,P0220,Defective Product,2025-02-25
R001717,O009972,P0033,Size/Fit Issue,2024-07-17
R001718,O009985,P0024,Late Delivery,2024-01-23
R001719,O009990,P0006,Size/Fit Issue,2024-10-10
R001720,O009994,P0041,Wrong Product Received,2024-03-02
R001721,O009998,P0155,Size/Fit Issue,2024-12-05
